0,0,0,0,0,0,0,0,0
5,0.500000,4,0.020000,0.000000,0,0.000000,0,0.132660
7,1.270000,5,0.200000,1073.910000,1,0.000000,0,0.111991
12,0.990000,5,0.020000,2.690000,5,0.000000,1,0.032319
4,1.000000,1,0.000000,0.000000,0,0.000000,2,0.740723
4,1.200000,5,0.000000,0.000000,0,0.000000,0,0.003408
28,0.150000,5,0.050000,22.030000,10,32.450000,2,0.004922
2,0.550000,2,0.000000,860.700000,1,0.000000,0,0.005116
2,1.000000,1,0.000000,0.000000,0,0.000000,0,0.043039
1,1.000000,1,0.000000,0.000000,0,0.000000,0,0.060704
3,0.850000,2,0.000000,0.000000,0,80.850000,1,0.068220
8,0.580000,0,0.000000,193.480000,5,224.440000,2,-0.116388
7,1.510000,5,0.020000,0.000000,0,16.090000,1,0.011311
108,1.320000,36,0.920000,26.510000,7,27.650000,26,0.944247
2,1.000000,3,0.000000,0.000000,0,0.000000,0,0.004855
70,1.550000,20,0.250000,15.290000,19,14.480000,10,0.002689
2,0.500000,1,0.000000,0.000000,0,0.000000,0,0.078798
1,1.000000,2,0.000000,0.000000,0,0.000000,0,0.006107
3,1.000000,3,0.000000,0.000000,0,0.000000,1,0.041340
1,0.790000,2,0.000000,0.000000,0,0.000000,0,0.004482
6,0.670000,2,0.000000,0.000000,0,0.000000,0,0.022402
6,1.000000,3,0.000000,0.000000,0,1.000000,2,0.648061
5,1.000000,2,0.000000,1917.560000,1,0.000000,0,0.088601
51,2.220000,21,0.290000,1630.390000,9,22.310000,15,0.044284
1,1.000000,2,0.000000,0.000000,0,0.000000,0,0.006107
2,1.010000,1,0.000000,0.000000,0,0.000000,0,0.043039
1,1.000000,2,0.000000,0.000000,0,0.000000,0,0.006107
26,0.830000,22,0.320000,1487.600000,1,28.750000,2,0.004545
1,1.000000,2,0.000000,0.000000,0,0.000000,0,0.006107
26,2.630000,14,0.780000,64.610000,1,479.020000,6,0.010848
2,1.010000,3,0.250000,0.000000,0,0.000000,0,0.004855
13,1.020000,1,0.000000,40.500000,4,31.580000,4,-0.126193
4,0.560000,1,0.950000,0.000000,0,0.000000,0,0.121594
1,1.000000,2,0.000000,0.000000,0,0.000000,0,0.006107
1,1.000000,2,0.000000,0.000000,0,0.000000,0,0.006107
2,1.190000,1,0.000000,0.000000,0,0.000000,0,0.043039
54,1.780000,18,0.400000,1649.800000,14,10.980000,8,0.189824
2,1.000000,3,0.490000,0.000000,0,0.000000,0,0.004855
3,1.000000,1,0.000000,0.000000,0,0.000000,0,0.168176
6,0.440000,1,0.000000,356.360000,2,133.010000,1,0.354336
3,1.000000,1,0.000000,0.000000,0,0.000000,0,0.122990
13,0.540000,3,0.390000,21.630000,3,2.100000,4,0.769762
3,0.760000,0,0.000000,0.000000,0,0.000000,0,-0.131988
2,1.830000,2,0.450000,0.000000,0,0.000000,0,0.083118
6,1.070000,3,0.020000,0.000000,3,0.000000,0,0.110644
18,1.890000,5,0.490000,250.200000,9,137.140000,4,0.085444
12,1.620000,2,0.000000,0.000000,0,0.000000,0,0.008128
3,0.500000,2,0.000000,0.000000,0,0.000000,0,0.047635
3,1.040000,4,0.170000,0.000000,0,0.000000,0,0.003162
1,1.000000,1,0.000000,0.000000,0,0.000000,0,0.060704
4,1.030000,2,0.010000,0.000000,0,0.000000,0,0.064688
12,0.010000,1,0.000000,121.920000,7,634.490000,1,-0.446287
4,0.670000,2,0.000000,0.000000,0,0.000000,0,0.050764
11,0.830000,3,0.000000,242.660000,5,3.000000,3,0.034909
7,0.670000,2,0.010000,0.000000,0,0.000000,0,0.010132
43,1.100000,6,0.150000,1.600000,11,8.640000,11,0.249159
6,0.680000,2,0.000000,0.000000,0,21.890000,1,0.081359
5,0.500000,2,0.190000,0.000000,0,0.000000,0,0.417282
2,0.500000,1,0.000000,0.000000,0,0.000000,0,0.078798
7,0.360000,5,0.230000,871.290000,2,1032.810000,1,0.005485
2,0.500000,1,0.000000,0.000000,0,0.000000,0,0.078798
85,1.230000,22,1.230000,54.130000,18,1.850000,25,0.001287
8,1.020000,3,0.030000,0.000000,0,21.050000,4,0.049419
1,1.000000,1,0.000000,0.000000,0,0.000000,0,0.060704
4,1.630000,2,0.000000,0.000000,0,0.000000,0,0.175352
2,1.070000,1,0.000000,0.000000,0,0.000000,0,0.078798
222,1.410000,56,0.640000,1883.800000,32,8.370000,47,0.122866
2,1.000000,2,0.000000,0.000000,0,0.000000,0,0.003380
3,0.500000,1,0.000000,0.000000,0,0.000000,0,0.168176
3,0.530000,2,0.000000,0.000000,0,0.000000,0,0.080231
2,0.820000,2,0.000000,0.000000,0,0.000000,0,0.023880
1,1.000000,1,0.000000,0.000000,0,0.000000,0,0.060704
1,1.000000,2,0.000000,0.000000,0,0.000000,0,0.006107
4,1.000000,3,0.000000,0.000000,0,0.000000,0,0.032071
14,1.350000,8,0.280000,0.000000,0,15.780000,1,0.219764
5,0.670000,2,0.000000,57.690000,2,0.000000,0,0.458839
1,1.000000,2,0.000000,0.000000,0,0.000000,0,0.006107
4,0.970000,4,0.670000,1279.070000,1,0.000000,0,0.003266
3,1.000000,1,0.000000,0.000000,0,0.000000,0,0.285494
1,1.000000,1,0.000000,0.000000,0,0.000000,0,0.060704
4,0.080000,1,0.000000,1876.370000,1,239.840000,1,0.258125
9,1.090000,3,0.680000,314.150000,6,1706.410000,1,0.025683
2,0.500000,1,0.000000,0.000000,0,0.000000,0,0.078798
5,0.980000,2,0.000000,41.090000,1,0.000000,0,0.023459
2,0.550000,2,0.000000,0.000000,0,0.000000,0,0.023880
1,0.510000,3,0.000000,0.000000,0,0.000000,0,0.008693
3,1.000000,3,0.030000,0.000000,0,0.000000,0,0.106371
15,0.750000,7,0.290000,0.000000,0,84.530000,6,0.046653
4,1.910000,3,0.000000,0.000000,0,0.000000,0,0.057975
2,0.500000,1,0.000000,0.000000,0,0.000000,0,0.078798
8,1.040000,1,0.000000,0.000000,0,0.000000,1,0.046660
6,1.010000,2,0.000000,1824.190000,3,1825.190000,1,0.085273
1,1.000000,2,0.000000,0.000000,0,0.000000,0,0.006107
148,2.260000,47,1.240000,1890.000000,29,18.780000,48,0.230372
15,0.550000,4,0.000000,48.880000,3,0.000000,3,0.749359
156,1.790000,35,0.990000,9.200000,24,31.110000,49,0.010802
14,0.350000,5,0.000000,758.500000,2,0.000000,0,0.219280
4,0.680000,3,0.000000,0.000000,0,0.000000,0,0.128054
2,0.670000,1,0.000000,0.000000,0,0.000000,0,0.078798
3,0.010000,1,0.010000,0.000000,0,0.000000,0,0.148876
127,0.270000,2,0.040000,1.120000,121,0.000000,3,-0.810244
30,0.920000,2,0.000000,-0.070000,5,76.930000,11,0.121587
4,0.000000,1,0.000000,0.000000,0,0.000000,0,0.394760
100,1.830000,13,0.230000,48.690000,34,7.590000,20,-0.171159
8,0.080000,1,0.090000,0.000000,0,0.000000,0,-0.530666
4,0.640000,3,0.010000,0.000000,0,0.000000,0,0.208834
19,0.290000,0,0.000000,-0.870000,10,4.490000,3,-0.553151
4,0.010000,2,0.000000,0.000000,0,0.000000,0,0.256608
2,1.000000,2,0.040000,0.000000,0,0.000000,0,0.083118
12,0.030000,0,0.000000,7.010000,5,157.130000,3,0.746017
9,0.690000,0,0.000000,0.000000,0,7.530000,3,0.042765
5,1.340000,4,0.010000,0.000000,0,0.000000,0,0.017109
33,0.670000,7,0.020000,827.860000,3,1048.500000,14,0.323857
34,1.150000,0,0.000000,-0.470000,26,1.920000,3,-0.274932
1,1.000000,1,0.000000,0.000000,0,0.000000,0,0.060704
22,1.130000,2,0.030000,-1.190000,13,1.780000,2,0.253726
14,0.300000,2,0.010000,2.690000,4,-132.120000,1,0.325997
74,1.520000,15,0.320000,-10.000000,43,3.000000,8,-0.009010
19,0.740000,6,0.020000,18.430000,5,55.210000,5,0.093391
6,0.520000,2,0.000000,0.000000,0,0.000000,0,0.249170
4,0.050000,3,0.010000,0.000000,0,0.000000,0,0.004696
18,0.150000,1,0.000000,1598.910000,8,299.690000,5,-0.135585
11,0.060000,1,0.000000,44.770000,6,0.000000,0,0.086493
55,0.050000,0,0.000000,0.040000,54,0.000000,0,-0.963242
27,0.500000,0,0.000000,0.080000,20,2.100000,2,-0.799601
28,0.030000,1,0.000000,1899.300000,10,10.010000,8,0.277898
5,0.010000,0,0.000000,437.330000,4,0.000000,0,-0.310488
28,0.530000,1,0.000000,0.050000,18,0.180000,2,-0.732020
17,0.510000,1,0.000000,0.050000,8,0.730000,1,0.234580
14,0.620000,7,0.090000,171.560000,3,5.220000,1,0.223451
60,0.380000,22,0.050000,321.740000,20,24.860000,4,0.009440
166,3.330000,20,1.310000,65.610000,26,28.140000,16,0.111106
109,0.920000,7,0.050000,16.370000,39,14.350000,28,0.118089
13,0.260000,2,0.530000,1409.740000,5,590.570000,5,0.894420
8,0.180000,1,0.000000,-0.200000,3,-0.700000,1,-0.708104
64,2.270000,17,1.700000,1488.370000,12,39.660000,18,0.048861
7,0.010000,2,0.040000,1616.800000,2,7.990000,1,0.116353
5,0.000000,1,0.000000,1602.860000,3,116.300000,1,0.118522
59,0.400000,14,0.050000,35.430000,17,37.810000,14,0.024204
1,1.000000,1,0.000000,0.000000,0,0.000000,0,0.060704
163,1.180000,14,0.090000,6.720000,37,-35.000000,82,0.874475
2,1.030000,2,0.000000,0.000000,0,0.000000,0,0.003380
50,0.900000,6,0.010000,51.920000,20,947.770000,20,0.003503
234,2.500000,7,0.440000,5.000000,88,353.200000,106,0.017190
1,1.000000,1,0.000000,0.000000,0,0.000000,0,0.060704
2,0.050000,1,0.000000,1834.850000,1,0.000000,0,0.042917
6,0.040000,0,0.000000,-1.570000,2,-0.250000,1,-0.211492
3,0.420000,1,0.000000,0.000000,0,0.000000,0,0.148876
15,0.060000,0,0.000000,72.640000,3,0.190000,11,0.907108
10,0.110000,2,0.000000,0.000000,0,0.000000,0,-0.377301
4,1.000000,1,0.220000,0.000000,0,1.000000,2,0.759923
14,1.000000,2,0.010000,0.000000,0,0.000000,0,-0.142905
13,1.810000,1,0.000000,-0.050000,3,8.980000,5,0.029902
4,0.000000,2,0.000000,39.070000,2,0.000000,0,0.002505
62,0.030000,0,0.000000,-12.440000,57,1924.660000,1,-0.255720
493,0.060000,0,0.000000,-12.440000,490,0.000000,0,-0.283327
20,0.680000,2,0.010000,-1.170000,3,30.750000,1,0.002313
12,0.010000,0,0.000000,0.000000,9,0.000000,0,-0.438421
4,0.100000,2,0.000000,0.000000,0,0.000000,0,0.016230
6,0.000000,1,0.000000,-55.990000,3,6.110000,2,0.527111
21,0.960000,3,0.000000,-147.950000,2,0.000000,0,0.415567
2,1.710000,1,0.000000,0.000000,0,0.000000,0,0.043039
23,0.400000,3,0.000000,0.080000,12,0.090000,1,0.009107
3,0.000000,1,0.000000,0.000000,0,0.000000,0,0.148876
42,0.090000,4,0.310000,36.470000,17,61.690000,12,-0.284510
5,0.000000,0,0.000000,1922.560000,1,1.000000,1,-0.290371
21,0.190000,3,0.300000,136.600000,10,1.750000,6,0.727961
3,0.010000,1,0.000000,1901.470000,1,0.000000,0,0.095262
1,0.000000,2,0.000000,0.000000,0,0.000000,0,0.004482
3,0.010000,1,0.000000,0.000000,0,0.000000,0,0.148876
78,1.070000,35,1.620000,114.650000,9,22.040000,12,0.047817
107,2.830000,27,0.020000,93.180000,23,1.220000,12,-0.100984
234,1.630000,26,0.780000,1503.260000,61,108.130000,39,0.052846
14,0.040000,1,0.000000,142.420000,9,0.000000,0,-0.196478
1,0.930000,2,0.000000,0.000000,0,0.000000,0,0.004482
5,0.500000,1,0.380000,0.000000,0,6.000000,2,0.685209
4,0.010000,2,0.020000,16.250000,2,0.000000,0,0.042706
5,0.510000,1,0.000000,0.000000,0,0.000000,0,0.186457
173,1.340000,63,2.440000,2.020000,41,24.790000,35,0.276751
227,1.480000,62,4.560000,24.860000,70,392.110000,37,0.004950
18,0.030000,5,0.160000,48.710000,5,171.630000,7,-0.086416
234,1.650000,66,3.230000,39.990000,68,11.170000,48,0.043584
3,0.000000,1,0.000000,0.000000,0,0.000000,0,0.148876
48,1.070000,9,0.020000,-736.900000,28,66.040000,4,0.509837
18,0.510000,0,0.000000,21.230000,6,0.000000,3,-0.404756
6,0.360000,2,0.000000,31.420000,3,0.000000,0,0.178223
11,0.040000,0,0.000000,60.100000,5,0.000000,0,-0.172175
9,0.510000,3,0.000000,336.070000,4,0.000000,0,0.627590
12,0.990000,4,0.000000,1846.420000,6,0.000000,0,0.014891
10,0.290000,4,0.000000,119.530000,5,61.650000,1,0.003211
3,0.500000,1,0.000000,0.000000,0,0.000000,0,0.168176
6,0.040000,2,0.010000,0.000000,0,0.000000,0,0.226223
4,1.000000,0,0.000000,0.620000,3,0.000000,0,-0.030950
8,0.010000,0,0.000000,1672.160000,2,215.220000,4,0.789802
4,0.040000,0,0.000000,626.370000,2,0.000000,0,-0.195715
10,0.110000,2,0.000000,32.610000,3,10.890000,2,0.007661
4,0.510000,3,0.000000,0.000000,0,0.000000,0,0.007270
24,0.490000,2,0.000000,185.000000,6,57.650000,6,0.976019
25,1.060000,11,0.180000,1467.030000,3,18.690000,8,0.111276
3,0.000000,0,0.000000,81.750000,2,0.000000,0,-0.291179
2,0.500000,2,0.000000,0.000000,0,0.000000,0,0.023880
9,1.030000,3,0.000000,1917.830000,2,30.910000,3,0.300808
7,0.790000,6,0.000000,0.000000,0,0.000000,0,0.007758
8,1.190000,1,0.000000,301.390000,3,0.640000,3,0.067841
3,1.110000,3,0.010000,0.000000,0,0.000000,0,0.106371
14,0.010000,1,0.000000,33.560000,8,1899.460000,5,0.962794
4,0.870000,1,0.000000,2279.300000,2,0.000000,0,0.155959
3,0.930000,1,0.000000,0.000000,0,0.000000,0,0.148876
2,0.000000,4,1.000000,0.000000,0,0.000000,0,0.005668
35,1.530000,2,0.010000,0.130000,17,10.010000,8,0.037473
8,0.000000,0,0.000000,1607.460000,2,508.360000,2,0.156298
4,1.500000,2,0.000000,0.000000,0,0.000000,0,0.436367
112,1.230000,40,0.370000,23.780000,19,0.000000,25,0.080815
1,0.930000,2,0.000000,0.000000,0,0.000000,0,0.004482
27,0.290000,13,0.060000,2.600000,7,17.100000,1,0.010172
3,0.500000,2,0.000000,0.000000,0,0.000000,0,0.104318
1,1.000000,1,0.000000,0.000000,0,0.000000,0,0.060704
1,0.690000,2,0.000000,0.000000,0,0.000000,0,0.004482
1,0.770000,2,0.000000,0.000000,0,0.000000,0,0.004482
11,0.640000,2,0.000000,134.480000,5,0.000000,0,0.151133
1,1.000000,2,0.000000,0.000000,0,0.000000,0,0.006107
1,1.000000,1,0.000000,0.000000,0,0.000000,0,0.060704
45,1.860000,7,0.040000,18.770000,14,88.070000,14,0.012164
3,0.960000,1,0.000000,0.000000,0,0.000000,0,0.148876
2,0.750000,2,0.000000,0.000000,0,0.000000,0,0.002977
1,0.870000,2,0.000000,0.000000,0,0.000000,0,0.004482
44,1.730000,24,0.260000,34.010000,6,51.040000,9,0.002530
1,0.780000,2,0.000000,0.000000,0,0.000000,0,0.004482
12,1.210000,4,0.060000,-252.790000,2,2.600000,5,0.833862
48,2.550000,3,0.000000,550.210000,5,305.690000,32,0.112656
1,1.000000,1,0.000000,0.000000,0,0.000000,0,0.060704
1,1.000000,1,0.000000,0.000000,0,0.000000,0,0.060704
25,1.050000,6,0.020000,56.490000,9,0.890000,8,0.051756
2,1.780000,3,0.050000,0.000000,0,0.000000,0,0.006598
64,1.880000,23,1.350000,314.330000,12,35.060000,15,0.091627
1,1.010000,1,0.000000,0.000000,0,0.000000,0,0.060704
64,1.020000,29,0.640000,55.970000,13,33.730000,5,0.019517
5,0.490000,1,0.000000,62.740000,1,0.000000,0,0.030488
2,1.060000,3,0.000000,0.000000,0,0.000000,0,0.004855
25,2.050000,5,0.010000,142.350000,12,0.000000,0,-0.537927
1,0.920000,2,0.000000,0.000000,0,0.000000,0,0.004482
7,0.010000,2,0.000000,2605.700000,1,1.000000,1,0.952706
9,2.270000,4,0.100000,1910.470000,3,2.000000,1,0.032151
3,0.500000,1,0.000000,0.000000,0,0.000000,0,0.168176
3,0.500000,2,0.000000,0.000000,0,0.000000,0,0.047635
1,0.870000,2,0.000000,0.000000,0,0.000000,0,0.004482
41,3.170000,15,0.580000,52.420000,12,15.640000,9,0.008803
55,0.500000,9,0.880000,55.090000,17,1704.460000,14,-0.809392
2,0.800000,2,0.000000,0.000000,0,0.000000,0,0.023880
4,1.020000,1,0.020000,0.000000,0,0.000000,0,0.121594
65,0.810000,46,0.310000,100.380000,10,0.000000,9,0.010135
6,0.010000,0,0.000000,2212.180000,1,2166.100000,2,0.512769
3,0.670000,2,0.000000,0.000000,0,0.000000,0,0.088636
141,0.790000,11,0.690000,19.590000,50,1.000000,24,0.011867
3,0.500000,2,0.000000,0.000000,0,0.000000,0,0.047635
245,0.510000,1,0.000000,-1.830000,241,0.000000,0,-0.283326
2,0.500000,1,0.000000,0.000000,0,0.000000,0,0.078798
3,0.650000,4,0.020000,0.000000,0,0.000000,0,0.009026
52,1.010000,14,0.640000,179.040000,20,0.000000,5,0.873466
1,1.000000,1,0.000000,0.000000,0,0.000000,0,0.060704
3,1.250000,3,0.000000,0.000000,0,0.000000,0,0.010841
2,0.820000,2,0.000000,0.000000,0,0.000000,0,0.009235
154,1.110000,60,0.430000,8.960000,15,0.000000,36,0.707192
8,1.670000,3,0.130000,1460.420000,1,0.000000,0,0.021382
2,0.500000,1,0.000000,0.000000,0,0.000000,0,0.078798
3,0.100000,0,0.000000,0.000000,0,0.000000,0,-0.131988
17,0.250000,1,0.000000,2.070000,11,0.100000,4,0.352819
1,1.000000,1,0.000000,0.000000,0,0.000000,0,0.060704
8,0.000000,9,0.000000,0.000000,0,0.000000,0,0.011785
1,0.830000,2,0.000000,0.000000,0,0.000000,0,0.004482
20,2.580000,12,0.140000,37.050000,6,42.840000,2,0.028446
5,0.680000,3,0.000000,2612.310000,1,0.000000,0,0.346061
4,0.990000,3,0.010000,1792.410000,1,0.000000,0,0.065020
2,0.360000,3,0.320000,0.000000,0,0.000000,0,0.006598
17,1.470000,4,0.060000,38.470000,6,0.000000,0,0.130259
5,0.790000,1,0.240000,-1449.990000,2,-0.130000,1,0.397424
4,0.160000,0,0.000000,1706.640000,2,0.000000,0,-0.195715
9,0.870000,1,0.000000,33.660000,4,11.710000,1,-0.139215
6,0.500000,2,0.000000,117.720000,2,2587.480000,1,0.297666
3,0.500000,2,0.000000,0.000000,0,0.000000,0,0.047635
1,0.440000,2,0.000000,0.000000,0,0.000000,0,0.004482
1,1.000000,2,0.000000,0.000000,0,0.000000,0,0.006107
64,1.020000,3,0.010000,0.680000,27,-24.470000,21,0.006078
1,1.000000,2,0.000000,0.000000,0,0.000000,0,0.006107
3,0.000000,0,0.000000,0.000000,0,0.000000,0,-0.131988
15,0.240000,1,0.020000,22.670000,4,0.000000,1,0.019746
2,1.000000,2,0.000000,0.000000,0,0.000000,0,0.083118
3,0.820000,1,0.850000,0.000000,0,0.000000,0,0.148876
46,0.900000,25,1.050000,706.370000,7,79.010000,7,0.202023
21,1.150000,5,0.000000,107.370000,7,4.070000,2,0.274108
228,2.030000,51,0.890000,44.690000,49,38.700000,57,-0.031530
5,0.500000,1,0.000000,0.000000,0,0.000000,2,0.745721
2,0.750000,1,0.000000,0.000000,0,0.000000,0,0.078798
3,0.210000,1,0.000000,1549.860000,1,0.000000,0,0.095262
780,0.330000,0,0.000000,-0.020000,746,0.000000,30,-0.963247
13,0.830000,2,0.100000,2151.980000,1,51.590000,6,0.119763
3,0.500000,2,0.000000,0.000000,0,0.000000,0,0.088636
6,2.350000,5,0.470000,-0.070000,1,0.000000,0,0.009519
3,0.010000,1,0.020000,0.000000,0,0.000000,0,0.148876
34,0.330000,4,0.150000,37.520000,16,30.850000,5,0.786112
3,0.000000,0,0.000000,0.000000,0,0.000000,0,-0.131988
12,0.040000,0,0.000000,147.810000,3,0.090000,5,0.680534
8,0.670000,4,0.210000,744.660000,1,77.660000,1,0.294939
4,0.030000,0,0.000000,72.670000,1,0.000000,0,-0.142742
8,0.000000,0,0.000000,0.000000,0,0.000000,0,0.983933
118,1.450000,5,0.010000,0.070000,36,-0.270000,54,0.311099
4,0.500000,3,0.090000,0.000000,0,0.000000,0,0.128054
21,0.520000,0,0.000000,1.680000,16,-0.120000,1,-0.302010
4,0.490000,0,0.000000,0.000000,0,0.000000,0,-0.067387
57,1.620000,12,0.540000,73.980000,21,47.500000,13,0.149530
19,0.070000,13,0.000000,502.160000,2,0.000000,0,0.162555
79,1.310000,5,0.060000,14.000000,25,-0.130000,33,-0.397407
59,0.080000,3,0.030000,265.000000,41,145.000000,14,-0.024547
2,0.500000,2,0.000000,0.000000,0,0.000000,0,0.023880
3,0.010000,1,0.000000,0.000000,0,0.000000,0,0.148876
62,0.030000,0,0.000000,0.040000,61,0.000000,0,-0.963245
62,0.760000,0,0.000000,4.320000,4,6.890000,50,-0.450715
7,0.050000,0,0.000000,0.000000,0,0.130000,1,0.918095
4,0.790000,1,0.240000,0.000000,0,0.000000,0,0.121594
20,0.240000,9,0.020000,1552.460000,1,66.040000,2,0.766780
73,1.880000,19,0.820000,2.770000,7,48.850000,5,0.010440
59,1.080000,13,0.100000,44.150000,17,21.720000,19,0.948056
1,1.000000,1,0.000000,0.000000,0,0.000000,0,0.060704
1,0.000000,2,0.000000,0.000000,0,0.000000,0,0.004482
10,0.720000,5,0.000000,38.820000,2,13.020000,1,0.005472
39,0.590000,7,0.040000,110.760000,12,0.000000,11,0.064560
37,0.530000,10,0.380000,54.720000,7,2.000000,13,0.431069
14,0.580000,2,0.000000,235.160000,4,7.910000,3,0.491852
436,1.030000,10,0.790000,90.000000,204,9.360000,199,-0.692986
12,1.020000,12,1.080000,0.000000,0,0.000000,0,0.014863
58,0.950000,8,0.560000,7.970000,24,5.000000,20,0.007002
2,0.030000,1,0.000000,2547.720000,1,0.000000,0,0.042917
141,1.770000,12,0.450000,43.760000,26,-0.010000,72,0.994864
4,0.000000,0,0.000000,0.000000,0,0.090000,3,0.743673
8,1.010000,7,0.040000,0.000000,0,0.000000,0,0.158861
5,0.100000,0,0.000000,76.440000,1,81.070000,2,0.136485
5,1.000000,6,0.030000,0.000000,0,0.000000,0,0.003945
1,0.960000,2,0.000000,0.000000,0,0.000000,0,0.004482
3,0.000000,4,0.000000,0.000000,0,0.000000,0,0.009026
281,0.030000,0,0.000000,4.250000,268,2662.410000,3,-0.963247
664,0.070000,0,0.000000,3.750000,661,0.000000,0,-0.283327
29,0.760000,6,0.170000,138.480000,9,1.500000,8,0.061344
1,0.000000,2,0.000000,0.000000,0,0.000000,0,0.004482
9,0.500000,3,0.010000,0.000000,0,0.000000,0,0.023376
27,0.410000,2,0.000000,6.730000,11,65.020000,3,0.555383
5,0.030000,2,0.000000,0.000000,0,0.960000,1,0.022418
1,0.000000,2,0.000000,0.000000,0,0.000000,0,0.004482
129,0.810000,4,0.010000,-22.770000,49,1.880000,66,-0.138661
3,0.000000,0,0.000000,1563.660000,2,0.000000,0,-0.291179
6,0.000000,0,0.000000,6.530000,4,8.460000,1,-0.564627
238,1.430000,83,3.710000,7.630000,65,46.260000,18,0.004463
100,12.760000,19,0.130000,-0.130000,33,1.000000,1,0.730761
108,2.010000,45,0.680000,1318.780000,22,41.420000,14,0.208763
1,0.850000,2,0.000000,0.000000,0,0.000000,0,0.004482
25,0.550000,11,0.130000,0.000000,5,1312.070000,3,0.620228
20,0.260000,2,0.000000,28.020000,9,0.000000,4,0.755424
10,0.370000,4,0.000000,178.920000,3,495.230000,2,0.020027
385,3.550000,61,2.730000,28.210000,59,61.440000,177,0.278477
175,2.200000,38,3.030000,40.740000,64,81.290000,31,0.022249
7,0.220000,3,0.050000,64.460000,2,0.000000,0,0.010393
168,1.920000,27,1.670000,6.900000,47,8.250000,39,0.033744
18,0.120000,6,0.100000,140.630000,6,12.640000,1,0.001383
68,0.740000,10,0.330000,1294.240000,36,4.350000,14,0.011723
4,0.500000,3,0.000000,0.000000,0,0.000000,0,0.007211
5,0.040000,1,0.000000,399.560000,2,557.420000,1,0.042450
9,0.060000,0,0.000000,801.840000,6,1191.630000,1,-0.591979
11,0.580000,3,0.000000,119.520000,4,0.000000,0,0.191154
47,0.500000,0,0.000000,-0.900000,36,-0.180000,4,-0.192104
128,0.680000,55,0.340000,1834.450000,26,14.710000,22,0.155138
7,0.000000,2,0.000000,214.150000,4,109.810000,2,0.003075
9,0.030000,2,0.060000,49.120000,2,30.030000,2,0.287202
6,0.890000,1,0.000000,0.000000,0,-0.370000,3,0.313377
1,1.000000,2,0.000000,0.000000,0,0.000000,0,0.006107
6,0.340000,2,0.310000,718.230000,3,0.000000,0,0.062614
2,0.500000,2,0.000000,0.000000,0,0.000000,0,0.023880
16,1.030000,5,0.030000,34.260000,5,30.400000,1,0.057649
5,0.000000,3,0.000000,36.030000,2,0.000000,0,0.004268
47,0.630000,14,0.160000,18.380000,15,44.080000,8,0.030284
3,1.000000,3,0.010000,0.000000,0,0.000000,0,0.106371
12,0.510000,2,0.000000,0.000000,0,2.000000,2,0.200698
2,1.100000,3,0.070000,0.000000,0,0.000000,0,0.004855
70,1.300000,32,0.410000,26.520000,10,44.870000,16,0.053240
99,0.260000,51,1.720000,1076.880000,14,48.750000,19,0.016522
1,1.000000,2,0.000000,0.000000,0,0.000000,0,0.006107
1,1.010000,2,0.000000,0.000000,0,0.000000,0,0.006107
13,1.070000,12,1.120000,0.000000,0,0.000000,1,0.003724
56,1.220000,0,0.000000,667.450000,6,0.130000,47,0.236334
36,1.670000,8,0.580000,138.410000,8,30.060000,8,0.058845
162,1.880000,34,0.520000,78.740000,28,24.760000,35,0.035131
1,1.000000,2,0.000000,0.000000,0,0.000000,0,0.006107
4,0.000000,0,0.000000,0.000000,0,0.000000,0,-0.067387
2,0.500000,2,0.000000,0.000000,0,0.000000,0,0.023880
2,1.040000,1,0.000000,0.000000,0,0.000000,0,0.043039
1,1.000000,1,0.000000,0.000000,0,0.000000,0,0.060704
2,1.020000,2,0.000000,0.000000,0,0.000000,0,0.003380
3,0.500000,1,0.000000,0.000000,0,0.000000,0,0.168176
5,1.310000,0,0.000000,0.000000,0,0.150000,2,0.094777
8,1.010000,6,0.000000,3859.980000,2,0.000000,0,0.090436
26,1.550000,11,0.990000,170.170000,4,0.000000,5,0.780494
4,1.000000,4,0.000000,0.000000,0,0.000000,0,0.129509
27,3.600000,7,0.940000,2922.560000,10,3.230000,2,0.355585
1,1.000000,1,0.000000,0.000000,0,0.000000,0,0.060704
16,0.510000,5,0.020000,0.000000,0,-6.150000,6,0.013653
1,1.000000,2,0.000000,0.000000,0,0.000000,0,0.006107
3,0.000000,1,0.000000,0.000000,0,0.000000,0,0.148876
14,2.480000,0,0.000000,1101.190000,4,127.720000,6,0.593139
3,1.430000,2,0.000000,0.000000,0,0.000000,0,0.065624
20,1.140000,9,0.440000,2208.180000,2,99.510000,8,0.292517
1,1.000000,2,0.000000,0.000000,0,0.000000,0,0.006107
226,2.780000,42,0.600000,111.880000,83,2.630000,87,0.000930
1,1.010000,1,0.000000,0.000000,0,0.000000,0,0.060704
23,1.720000,13,0.440000,3389.740000,2,59.830000,3,0.010709
3,1.560000,2,0.040000,0.000000,0,0.000000,0,0.066001
144,1.420000,49,0.980000,96.850000,23,608.480000,48,0.018823
1,0.050000,2,0.000000,0.000000,0,0.000000,0,0.004482
19,0.760000,0,0.000000,1008.130000,1,-0.240000,11,0.574710
3,0.000000,0,0.000000,0.000000,0,0.000000,0,0.039649
44,1.260000,8,0.050000,344.460000,16,65.400000,10,-0.063857
11,0.000000,1,0.000000,44.700000,9,0.000000,0,-0.519537
1,1.000000,1,0.000000,0.000000,0,0.000000,0,0.060704
4,0.000000,0,0.000000,0.000000,0,0.000000,0,0.401676
1,1.000000,1,0.000000,0.000000,0,0.000000,0,0.060704
5,1.250000,1,0.000000,0.000000,0,0.000000,0,0.154558
89,1.250000,16,1.820000,49.920000,25,2.630000,15,-0.042145
6,0.550000,1,0.000000,-36.450000,2,0.000000,0,-0.020438
1,0.110000,2,0.000000,0.000000,0,0.000000,0,0.004482
93,0.940000,61,0.490000,0.020000,11,29.300000,16,0.015855
29,0.080000,7,0.890000,523.330000,5,60.900000,2,0.193337
11,0.670000,10,0.000000,0.000000,0,0.000000,0,0.148106
8,0.030000,5,0.850000,38.380000,2,0.000000,0,0.002920
2,0.500000,1,0.000000,0.000000,0,0.000000,0,0.078798
109,0.210000,1,0.000000,-0.200000,105,0.000000,1,-0.283326
8,0.510000,4,0.000000,373.640000,4,0.000000,0,0.004230
35,0.440000,6,0.060000,40.150000,14,0.000000,0,0.279136
69,0.640000,20,0.100000,3082.780000,20,84.770000,19,0.366626
1,1.000000,2,0.000000,0.000000,0,0.000000,0,0.006107
1,1.000000,1,0.000000,0.000000,0,0.000000,0,0.060704
5,1.510000,3,0.000000,0.000000,0,0.000000,0,0.012573
2,0.950000,2,0.000000,0.000000,0,0.000000,0,0.009235
1354,0.710000,58,0.820000,18.610000,1215,92.640000,29,0.431137
1,1.000000,2,0.000000,0.000000,0,0.000000,0,0.006107
3135,0.530000,2,0.010000,1.300000,3130,15.620000,1,-0.283327
1615,0.300000,0,0.000000,2.330000,1614,0.000000,0,-0.283327
3,1.000000,1,0.000000,0.000000,0,0.000000,0,0.122990
1,1.000000,1,0.000000,0.000000,0,0.000000,0,0.060704
4,1.070000,1,0.020000,0.000000,2,0.000000,0,0.132374
105,2.510000,27,0.970000,45.440000,40,200.780000,29,0.004994
2,0.910000,1,0.000000,0.000000,0,0.000000,0,0.078798
1,1.000000,1,0.000000,0.000000,0,0.000000,0,0.060704
39,0.750000,8,0.110000,76.470000,21,14.810000,7,0.024062
3,1.000000,0,0.000000,0.000000,0,0.000000,2,0.517142
4,0.000000,0,0.000000,0.000000,0,0.000000,0,0.401676
2,0.500000,2,0.000000,0.000000,0,0.000000,0,0.023880
1,1.000000,2,0.000000,0.000000,0,0.000000,0,0.006107
3,0.000000,0,0.000000,0.000000,0,0.000000,0,0.039649
9,0.530000,2,0.050000,89.820000,1,0.000000,0,0.183843
3,0.200000,2,0.000000,0.000000,0,0.000000,0,0.022883
2,1.740000,2,0.000000,0.000000,0,0.000000,0,0.003380
100,0.950000,10,0.250000,23.300000,31,33.290000,30,0.006094
6,2.360000,5,0.010000,0.000000,0,0.000000,0,0.014935
47,0.080000,0,0.000000,716.200000,24,51.450000,14,-0.221397
70,0.510000,17,0.370000,42.220000,23,21.630000,12,0.021585
8,0.500000,1,0.160000,568.840000,2,135.030000,3,0.668991
1,1.000000,1,0.000000,0.000000,0,0.000000,0,0.060704
5,1.340000,6,0.040000,0.000000,0,0.000000,0,0.011565
54,1.240000,21,0.530000,30.800000,13,0.000000,8,0.784569
44,0.700000,25,0.770000,37.740000,6,113.430000,6,0.107765
2,0.500000,2,0.000000,0.000000,0,0.000000,0,0.023880
3,0.000000,0,0.000000,0.000000,0,0.000000,0,0.039649
2,0.280000,2,0.000000,0.000000,0,0.000000,0,0.009235
3,0.020000,0,0.000000,0.000000,0,0.000000,0,-0.131988
63,1.020000,1,0.000000,249.000000,61,0.000000,0,-0.963245
53,0.720000,10,1.100000,65.950000,18,74.890000,12,-0.060378
20,0.570000,4,0.010000,449.720000,6,140.560000,6,0.031481
3,0.010000,0,0.000000,0.000000,0,0.000000,0,-0.131988
4,0.030000,0,0.000000,0.000000,0,0.000000,0,-0.033880
21,0.110000,7,0.000000,-2.850000,6,114.190000,6,0.011396
66,1.610000,30,0.670000,47.760000,19,217.630000,9,0.040242
3,0.000000,0,0.000000,0.000000,0,0.000000,0,-0.131988
1,0.010000,2,0.000000,0.000000,0,0.000000,0,0.004482
147,1.110000,2,0.000000,-1.350000,75,6.680000,55,-0.351096
40,0.520000,7,0.020000,1725.930000,10,52.060000,14,0.132531
71,0.190000,0,0.000000,-0.400000,49,1.050000,18,-0.101701
38,0.600000,5,0.050000,137.150000,16,36.270000,9,0.909831
71,2.240000,17,0.960000,235.590000,18,274.870000,15,0.207117
82,0.910000,3,0.000000,39.990000,32,1.200000,32,0.005409
3,0.000000,0,0.000000,0.000000,0,5.000000,2,0.376266
6,0.530000,4,0.000000,0.000000,0,0.000000,0,0.030556
99,0.750000,31,0.190000,50.300000,12,1.500000,31,-0.363931
56,0.020000,0,0.000000,0.080000,55,0.000000,0,-0.963243
109,1.530000,12,0.040000,93.500000,36,0.080000,38,0.105674
6,1.080000,1,0.000000,3878.760000,2,2.000000,1,0.066255
50,0.060000,8,0.050000,254.330000,22,428.480000,15,0.013584
3,0.500000,1,0.000000,0.000000,0,0.000000,0,0.168176
39,1.680000,15,0.260000,52.810000,13,26.570000,2,-0.595585
1,1.000000,1,0.000000,0.000000,0,0.000000,0,0.060704
5,0.010000,0,0.000000,0.000000,0,0.700000,2,0.780536
70,0.870000,18,2.250000,20.340000,28,0.000000,19,0.038258
98,0.420000,8,0.130000,96.190000,37,108.050000,16,-0.490391
4,0.020000,0,0.000000,0.000000,0,0.000000,0,0.401676
27,0.560000,7,0.180000,-26.100000,3,18.240000,7,0.034497
45,1.370000,5,0.060000,10.780000,11,167.010000,16,0.077107
101,0.600000,10,0.630000,168.650000,46,7.910000,37,0.813646
2,0.010000,1,0.000000,3825.480000,1,0.000000,0,0.042917
4,0.000000,0,0.000000,0.000000,0,2.970000,3,0.743673
3,0.160000,0,0.000000,-0.120000,2,0.000000,0,-0.291179
4,0.000000,0,0.000000,0.000000,0,0.110000,3,0.743673
3,1.000000,1,0.000000,0.000000,0,0.000000,0,0.285494
108,1.740000,6,0.190000,91.200000,20,0.360000,66,0.366587
254,0.020000,0,0.000000,1.400000,251,0.000000,0,-0.963247
643,0.070000,0,0.000000,-12.350000,640,0.000000,0,-0.963247
8,0.000000,0,0.000000,0.000000,0,0.000000,0,0.983933
2,0.820000,2,0.000000,0.000000,0,0.000000,0,0.023880
70,1.100000,28,0.300000,200.920000,19,169.580000,18,0.035761
240,2.260000,5,0.100000,14.540000,51,1.660000,171,-0.032046
6,0.010000,3,0.000000,291.430000,2,0.000000,0,0.098610
268,0.720000,66,1.150000,35.100000,91,95.070000,45,0.022487
131,0.400000,56,0.650000,71.760000,24,49.390000,26,0.233715
12,1.080000,2,0.710000,3649.590000,2,3750.140000,1,0.097369
134,1.830000,37,0.690000,138.860000,46,10.320000,23,0.004710
1,1.000000,2,0.000000,0.000000,0,0.000000,0,0.006107
6,0.540000,4,0.010000,0.000000,0,0.000000,0,0.016983
25,0.190000,7,0.070000,20.750000,6,45.520000,9,0.028674
1089,0.300000,1,0.000000,3870.760000,1074,8.000000,13,-0.174138
77,0.510000,24,0.360000,64.390000,19,42.520000,20,0.039066
71,0.850000,26,1.530000,-13.670000,19,121.960000,8,0.016424
13,0.030000,1,0.030000,359.120000,4,269.660000,4,0.223189
9,0.010000,1,0.000000,608.900000,3,25.510000,1,0.758693
61,0.330000,21,0.290000,1339.620000,18,123.520000,11,0.928007
7,0.160000,3,0.000000,31.960000,2,1.000000,1,0.008515
3,0.000000,0,0.000000,3492.200000,2,0.000000,0,-0.291179
4,0.000000,0,0.000000,1174.360000,3,0.000000,0,-0.298029
3,0.000000,1,0.000000,3868.340000,1,0.000000,0,0.095262
81,0.310000,47,0.360000,1383.440000,13,26.250000,9,0.012543
4,0.430000,0,0.000000,-348.100000,1,0.000000,0,-0.142742
5,0.000000,0,0.000000,0.000000,0,0.870000,3,0.810865
4,0.050000,1,0.000000,0.000000,0,0.000000,0,0.212131
27,1.100000,0,0.000000,278.050000,13,39.100000,11,-0.104294
3,0.500000,3,0.070000,0.000000,0,0.000000,0,0.008833
1,0.020000,2,0.000000,0.000000,0,0.000000,0,0.004482
8,0.030000,0,0.000000,0.000000,0,0.000000,0,0.973234
2,1.000000,2,0.160000,0.000000,0,0.000000,0,0.083118
4,1.000000,4,0.200000,0.000000,0,0.000000,0,0.129509
2,0.500000,1,0.000000,0.000000,0,0.000000,0,0.078798
3,1.040000,3,0.000000,0.000000,0,0.000000,0,0.002686
1,0.000000,1,0.000000,0.000000,0,0.000000,0,0.060704
1,1.000000,1,0.000000,0.000000,0,0.000000,0,0.060704
1,1.000000,1,0.000000,0.000000,0,0.000000,0,0.060704
3,0.910000,1,0.000000,0.000000,0,0.000000,0,0.131937
1,1.000000,1,0.000000,0.000000,0,0.000000,0,0.060704
3,0.880000,1,0.000000,0.000000,0,0.000000,0,0.168176
2,1.000000,1,0.000000,0.000000,0,0.000000,0,0.043039
1,1.000000,2,0.000000,0.000000,0,0.000000,0,0.006107
4,0.500000,1,0.000000,0.000000,0,0.000000,0,0.074397
4,1.000000,1,0.020000,0.080000,1,0.490000,1,0.095410
3,1.690000,2,0.000000,0.000000,0,0.000000,0,0.066001
2,1.020000,1,0.000000,0.000000,0,0.000000,0,0.043039
1,1.000000,1,0.000000,0.000000,0,0.000000,0,0.060704
1,1.000000,2,0.000000,0.000000,0,0.000000,0,0.006107
6,0.560000,3,0.040000,0.000000,0,0.000000,0,0.130078
2,0.500000,1,0.000000,0.000000,0,0.000000,0,0.078798
3,1.010000,0,0.000000,0.000000,0,10.700000,2,0.231312
5,1.010000,4,0.490000,0.000000,0,0.010000,1,0.170043
1,1.000000,2,0.000000,0.000000,0,0.000000,0,0.006107
1,1.000000,1,0.000000,0.000000,0,0.000000,0,0.060704
1,1.000000,2,0.000000,0.000000,0,0.000000,0,0.006107
3,1.010000,4,0.050000,0.000000,0,0.000000,0,0.019618
1,1.000000,1,0.000000,0.000000,0,0.000000,0,0.060704
1,1.000000,1,0.000000,0.000000,0,0.000000,0,0.060704
1,1.000000,2,0.000000,0.000000,0,0.000000,0,0.006107
58,1.890000,17,0.600000,20.430000,10,57.930000,12,0.233257
5,1.180000,2,0.000000,0.000000,0,0.000000,0,0.261094
2,1.010000,2,0.000000,0.000000,0,0.000000,0,0.003380
1,1.000000,2,0.000000,0.000000,0,0.000000,0,0.006107
1,1.000000,1,0.000000,0.000000,0,0.000000,0,0.060704
1,1.000000,2,0.000000,0.000000,0,0.000000,0,0.006107
1,1.000000,2,0.000000,0.000000,0,0.000000,0,0.006107
1,1.000000,1,0.000000,0.000000,0,0.000000,0,0.060704
2,0.440000,4,0.100000,0.000000,0,0.000000,0,0.009995
1,1.000000,1,0.000000,0.000000,0,0.000000,0,0.060704
4,2.010000,2,0.000000,0.000000,0,1.000000,1,0.265715
0,0.000000,2,0.000000,0.000000,0,0.000000,0,0.019804
1,1.000000,1,0.000000,0.000000,0,0.000000,0,0.060704
11,0.650000,2,0.040000,13.610000,3,24.100000,4,0.896938
1,1.000000,2,0.000000,0.000000,0,0.000000,0,0.006107
6,1.590000,7,0.000000,0.000000,0,0.000000,0,0.112397
7,0.720000,0,0.000000,29.360000,4,0.000000,0,-0.266739
2,0.670000,2,0.000000,0.000000,0,0.000000,0,0.023880
3,0.500000,3,0.000000,0.000000,0,0.000000,0,0.008833
5,0.530000,1,0.000000,0.000000,0,0.000000,0,0.150506
56,1.170000,1,0.000000,1.750000,52,0.000000,0,-0.283324
1,1.000000,2,0.000000,0.000000,0,0.000000,0,0.006107
3,0.670000,2,0.010000,0.000000,0,0.000000,0,0.104318
2,0.520000,2,0.000000,0.000000,0,0.000000,0,0.023880
2,1.000000,2,0.000000,0.000000,0,0.000000,0,0.083118
6,1.000000,3,0.150000,0.000000,0,2.000000,2,0.698797
2,1.040000,1,0.000000,0.000000,0,0.000000,0,0.043039
3,0.000000,2,0.010000,0.000000,0,0.000000,0,0.080231
404,1.370000,28,1.270000,1.980000,329,24.220000,12,-0.963247
3,0.500000,1,0.580000,0.000000,0,0.000000,0,0.148876
4,0.480000,4,0.010000,0.000000,0,1.050000,1,0.022223
3,0.500000,2,0.000000,0.000000,0,0.000000,0,0.047635
5,0.660000,2,0.000000,15.950000,1,0.000000,0,0.067091
1,1.000000,2,0.000000,0.000000,0,0.000000,0,0.006107
4,1.670000,4,0.020000,0.000000,0,0.000000,0,0.025050
3,0.010000,0,0.000000,0.000000,0,0.000000,0,0.039649
1,1.000000,1,0.000000,0.000000,0,0.000000,0,0.060704
5,0.010000,0,0.000000,30.460000,4,0.000000,0,-0.310488
1,1.000000,2,0.000000,0.000000,0,0.000000,0,0.006107
1,1.000000,1,0.000000,0.000000,0,0.000000,0,0.060704
3,0.000000,0,0.000000,0.000000,0,0.000000,0,0.039649
1,1.000000,1,0.000000,0.000000,0,0.000000,0,0.060704
1,1.000000,1,0.000000,0.000000,0,0.000000,0,0.060704
2,0.500000,1,0.000000,0.000000,0,0.000000,0,0.078798
4,0.010000,0,0.000000,0.000000,0,0.000000,0,0.401676
6,1.010000,2,0.000000,1.180000,1,4.790000,3,0.006906
3,1.950000,2,0.000000,0.000000,0,0.000000,0,0.396356
3,1.000000,1,0.000000,0.000000,0,0.000000,0,0.285494
1,0.400000,2,0.000000,0.000000,0,0.000000,0,0.006107
2,1.010000,1,0.000000,0.000000,0,0.000000,0,0.043039
2,0.670000,1,0.000000,0.000000,0,0.000000,0,0.078798
7,1.010000,2,0.000000,0.000000,0,2.000000,2,0.834582
1,1.010000,2,0.000000,0.000000,0,0.000000,0,0.006107
2,0.500000,2,0.000000,0.000000,0,0.000000,0,0.023880
3,0.010000,0,0.000000,0.000000,0,0.000000,0,0.039649
2,1.090000,1,0.000000,0.000000,0,0.000000,0,0.043039
10,0.570000,4,0.420000,128.330000,1,65.840000,4,0.003511
6,0.090000,3,0.750000,0.000000,0,0.000000,0,0.582103
9,0.190000,0,0.000000,0.000000,0,8.000000,4,0.968153
7,2.670000,6,0.000000,0.000000,0,0.000000,0,0.097741
13,0.730000,0,0.000000,-39.440000,1,-0.010000,8,0.110824
4,0.000000,0,0.000000,0.000000,0,0.000000,0,0.401676
11,0.560000,5,0.040000,100.510000,5,2.000000,1,0.062653
2,0.700000,2,0.000000,0.000000,0,0.000000,0,0.023880
3,0.000000,0,0.000000,0.000000,0,0.000000,0,-0.131988
13,1.010000,9,0.430000,0.000000,0,0.000000,3,0.108331
1,1.000000,2,0.000000,0.000000,0,0.000000,0,0.006107
89,0.990000,28,0.900000,0.000000,5,0.000000,34,0.000586
38,0.410000,0,0.000000,-0.540000,22,3.800000,11,-0.233213
104,0.660000,3,0.520000,3.070000,19,0.030000,66,0.903677
5,1.690000,2,0.000000,0.000000,0,0.000000,0,0.476621
12,0.750000,6,0.320000,38.940000,1,34.040000,2,0.015965
33,2.900000,9,1.480000,303.460000,4,-7.500000,15,0.247877
7,0.060000,5,0.000000,0.000000,0,0.000000,0,0.391854
315,1.220000,0,0.000000,6.030000,130,0.130000,166,0.206232
29,0.670000,3,0.110000,21.660000,24,0.000000,0,-0.207143
175,1.830000,16,1.340000,-167.680000,77,1.170000,71,0.187372
1,0.000000,2,0.000000,0.000000,0,0.000000,0,0.004482
4,1.000000,2,0.540000,0.000000,0,0.000000,0,0.311864
8,1.180000,1,0.130000,0.000000,0,49.020000,6,-0.074413
242,0.080000,0,0.000000,2.820000,239,0.000000,0,-0.283326
231,0.070000,1,0.010000,3.930000,227,0.000000,0,-0.963247
94,0.520000,0,0.000000,-0.080000,83,0.000000,0,-0.283327
41,0.090000,1,0.000000,15.480000,29,2.010000,10,0.927046
10,0.100000,4,0.000000,10.160000,4,5.950000,2,0.038452
10,0.010000,1,0.000000,365.500000,7,0.000000,0,-0.057515
13,0.070000,2,0.000000,941.550000,9,0.000000,1,0.161259
1,1.000000,1,0.000000,0.000000,0,0.000000,0,0.060704
4,0.020000,2,0.030000,0.000000,0,0.000000,0,0.256608
6,0.010000,1,0.000000,954.240000,1,75.740000,3,0.918530
3,1.000000,1,0.000000,0.000000,0,0.000000,0,0.285494
1,1.000000,2,0.000000,0.000000,0,0.000000,0,0.006107
3,1.980000,3,0.000000,15.080000,1,0.000000,0,0.155032
1,1.000000,1,0.000000,0.000000,0,0.000000,0,0.060704
4,1.030000,0,0.000000,0.000000,0,2.000000,2,0.130826
17,0.720000,2,0.000000,46.760000,5,2.000000,2,0.946948
4,0.000000,0,0.000000,885.650000,1,7.450000,2,0.211232
30,0.900000,8,0.970000,32.700000,9,0.000000,2,0.227250
3,0.000000,0,0.000000,0.000000,0,0.000000,0,0.039649
2,0.000000,1,0.000000,957.560000,1,0.000000,0,0.042917
2,0.670000,1,0.000000,0.000000,0,0.000000,0,0.078798
5,0.010000,1,0.000000,947.560000,1,193.440000,2,0.816706
3,0.500000,1,0.000000,0.000000,0,0.000000,0,0.168176
5,0.690000,0,0.000000,0.000000,0,1.810000,3,0.288642
5,0.150000,3,0.000000,62.380000,2,0.000000,0,0.018955
5,0.660000,2,0.000000,0.000000,0,0.000000,0,0.016850
40,0.240000,3,0.000000,47.540000,20,1.220000,1,0.026399
1,1.000000,2,0.000000,0.000000,0,0.000000,0,0.006107
3,0.000000,0,0.000000,0.000000,0,0.000000,0,0.873399
1,1.000000,1,0.000000,0.000000,0,0.000000,0,0.060704
16,1.030000,3,0.020000,0.000000,0,23.350000,2,0.995505
2,0.500000,1,0.000000,0.000000,0,0.000000,0,0.078798
1,1.000000,2,0.000000,0.000000,0,0.000000,0,0.006107
1,1.000000,1,0.000000,0.000000,0,0.000000,0,0.060704
1,1.000000,1,0.000000,0.000000,0,0.000000,0,0.060704
1,1.000000,1,0.000000,0.000000,0,0.000000,0,0.060704
8,0.910000,1,0.000000,0.000000,0,0.000000,0,0.992896
1,1.000000,1,0.000000,0.000000,0,0.000000,0,0.060704
2,0.760000,2,0.000000,0.000000,0,0.000000,0,0.023880
1,1.000000,1,0.000000,0.000000,0,0.000000,0,0.060704
1,1.000000,2,0.000000,0.000000,0,0.000000,0,0.006107
7,0.500000,1,0.000000,0.000000,0,0.000000,0,-0.057703
2,1.000000,0,0.000000,0.000000,0,1.120000,1,0.090829
1,1.000000,1,0.000000,0.000000,0,0.000000,0,0.060704
1,1.000000,1,0.000000,0.000000,0,0.000000,0,0.060704
1,1.000000,2,0.000000,0.000000,0,0.000000,0,0.006107
1,1.000000,2,0.000000,0.000000,0,0.000000,0,0.006107
3,0.500000,1,0.000000,0.000000,0,0.000000,0,0.039316
4,1.070000,3,0.000000,0.000000,0,0.000000,0,0.014922
1,1.000000,2,0.000000,0.000000,0,0.000000,0,0.006107
25,0.860000,7,0.400000,310.660000,10,0.850000,4,0.091889
1,1.000000,2,0.000000,0.000000,0,0.000000,0,0.006107
1,1.000000,1,0.000000,0.000000,0,0.000000,0,0.060704
1,1.000000,1,0.000000,0.000000,0,0.000000,0,0.060704
2,1.040000,3,0.000000,0.000000,0,0.000000,0,0.004855
3,0.490000,0,0.000000,-4.520000,2,0.000000,0,-0.291179
1,1.000000,1,0.000000,0.000000,0,0.000000,0,0.060704
1,1.000000,1,0.000000,0.000000,0,0.000000,0,0.060704
45,2.130000,12,1.110000,20.400000,3,18.360000,16,0.572798
2,0.670000,2,0.000000,0.000000,0,0.000000,0,0.023880
2,1.000000,0,0.000000,0.000000,0,1.930000,1,0.090829
1,1.000000,2,0.000000,0.000000,0,0.000000,0,0.006107
1,1.000000,2,0.000000,0.000000,0,0.000000,0,0.006107
1,1.000000,2,0.000000,0.000000,0,0.000000,0,0.006107
2,1.630000,1,0.000000,0.000000,0,0.000000,0,0.043039
3,0.060000,0,0.000000,-1.950000,2,0.000000,0,-0.291179
1,1.000000,2,0.000000,0.000000,0,0.000000,0,0.006107
3,1.050000,3,0.000000,0.000000,0,0.000000,0,0.106371
1,1.000000,2,0.000000,0.000000,0,0.000000,0,0.006107
3,0.500000,1,0.000000,0.000000,0,0.000000,0,0.168176
1,1.000000,2,0.000000,0.000000,0,0.000000,0,0.006107
49,0.950000,7,0.060000,38.940000,14,21.540000,12,0.073586
8,0.000000,0,0.000000,0.000000,0,0.000000,0,0.983933
11,0.670000,3,0.000000,9.770000,4,1.410000,1,0.122107
3,0.210000,3,0.910000,0.000000,0,0.000000,0,0.007894
3,0.500000,2,0.000000,0.000000,0,0.000000,0,0.047635
62,0.500000,0,0.000000,0.030000,60,0.000000,0,-0.283326
1,1.000000,2,0.000000,0.000000,0,0.000000,0,0.006107
3,0.000000,0,0.000000,0.000000,0,0.000000,0,0.039649
3,0.000000,0,0.000000,0.000000,0,0.000000,0,0.039649
3,1.000000,3,0.010000,0.000000,0,0.000000,0,0.106371
1,1.040000,1,0.000000,0.000000,0,0.000000,0,0.060704
1,1.000000,2,0.000000,0.000000,0,0.000000,0,0.006107
2,0.000000,1,0.000000,0.000000,0,0.000000,0,0.078798
487,1.300000,20,0.790000,-0.970000,437,121.010000,9,0.017501
1,0.500000,1,0.000000,0.000000,0,0.000000,0,0.060704
2,0.670000,1,0.000000,0.000000,0,0.000000,0,0.078798
2,1.550000,3,0.000000,0.000000,0,0.000000,0,0.004855
1,1.000000,1,0.000000,0.000000,0,0.000000,0,0.060704
4,0.150000,4,0.110000,0.000000,0,0.000000,0,0.009169
3,0.820000,2,0.000000,0.000000,0,0.000000,0,0.012976
1,1.000000,2,0.000000,0.000000,0,0.000000,0,0.006107
1,1.000000,1,0.000000,0.000000,0,0.000000,0,0.060704
1,1.000000,2,0.000000,0.000000,0,0.000000,0,0.006107
3,0.000000,0,0.000000,0.000000,0,0.000000,0,0.039649
7,0.080000,1,0.000000,259.680000,2,224.040000,1,0.129867
2,0.500000,1,0.000000,0.000000,0,0.000000,0,0.078798
4,0.000000,0,0.000000,0.000000,0,0.000000,0,0.401676
1,1.000000,2,0.000000,0.000000,0,0.000000,0,0.006107
9,0.630000,2,0.000000,0.000000,0,-1.110000,4,0.008766
2,0.500000,2,0.000000,0.000000,0,0.000000,0,0.023880
3,0.040000,1,0.030000,0.000000,0,0.000000,0,0.148876
1,1.000000,1,0.000000,0.000000,0,0.000000,0,0.060704
3,0.400000,1,0.890000,0.000000,0,0.000000,0,0.285494
1,1.000000,2,0.000000,0.000000,0,0.000000,0,0.006107
2,0.670000,2,0.000000,0.000000,0,0.000000,0,0.023880
10,0.700000,5,0.210000,0.000000,0,0.000000,0,0.476625
14,0.660000,4,0.120000,12.490000,4,58.040000,1,0.002410
2,0.500000,1,0.000000,0.000000,0,0.000000,0,0.078798
929,1.000000,0,0.000000,0.040000,914,1.000000,14,-0.283326
30,1.140000,8,1.050000,25.380000,1,26.720000,11,0.005979
22,0.040000,3,0.010000,69.690000,14,52.970000,3,-0.014896
135,0.280000,7,0.130000,-0.800000,64,10.720000,7,0.067468
1,1.000000,2,0.000000,0.000000,0,0.000000,0,0.006107
16,0.370000,4,0.390000,23.250000,4,0.000000,1,0.214259
3,0.540000,3,0.050000,0.000000,0,0.000000,0,0.008833
15,0.100000,2,0.010000,1.780000,6,0.160000,6,0.798811
106,0.120000,16,0.150000,61.930000,57,38.070000,11,0.007506
30,1.060000,14,0.140000,43.200000,5,16.860000,2,0.180467
20,1.670000,19,0.030000,0.000000,0,0.000000,0,0.153209
25,1.100000,7,0.350000,39.220000,6,56.500000,8,0.060927
5,0.810000,4,0.090000,61.560000,1,0.000000,0,0.002554
1,0.020000,2,0.000000,0.000000,0,0.000000,0,0.004482
1,1.000000,1,0.000000,0.000000,0,0.000000,0,0.060704
338,0.090000,0,0.000000,1.130000,335,0.000000,0,-0.283326
339,0.060000,0,0.000000,0.000000,336,0.000000,0,-0.975093
79,0.230000,1,0.000000,724.480000,77,0.000000,0,-0.218366
16,0.020000,0,0.000000,832.510000,10,6.020000,4,0.563519
2,0.010000,1,0.000000,1324.070000,1,0.000000,0,0.042917
1,0.000000,1,0.000000,0.000000,0,0.000000,0,0.060704
28,0.130000,2,0.000000,21.230000,18,1.390000,2,-0.740710
5,0.080000,2,0.000000,4.800000,3,14.090000,1,0.007669
1,0.040000,2,0.000000,0.000000,0,0.000000,0,0.004482
5,0.060000,2,0.000000,1324.490000,1,33.030000,2,0.058617
4,0.000000,1,0.000000,0.000000,0,0.000000,0,0.121594
1,1.000000,1,0.000000,0.000000,0,0.000000,0,0.060704
1,1.000000,2,0.000000,0.000000,0,0.000000,0,0.006107
1,0.100000,2,0.000000,0.000000,0,0.000000,0,0.004482
21,0.900000,0,0.000000,161.780000,13,162.780000,6,-0.113255
2,0.510000,1,0.000000,0.000000,0,0.000000,0,0.078798
4,0.020000,0,0.000000,1259.240000,1,57.960000,2,0.211232
41,0.890000,3,0.000000,474.410000,13,35.990000,7,0.070350
3,0.000000,0,0.000000,0.000000,0,0.000000,0,0.039649
2,0.000000,1,0.000000,1340.780000,1,0.000000,0,0.042917
2,0.500000,2,0.000000,0.000000,0,0.000000,0,0.023880
3,0.000000,0,0.000000,0.000000,0,0.000000,0,0.039649
4,0.500000,2,0.030000,0.000000,0,0.000000,0,0.110995
4,0.710000,0,0.000000,0.000000,0,0.250000,2,0.251198
4,0.770000,0,0.000000,0.000000,0,0.000000,0,-0.067387
3,0.000000,1,0.000000,0.000000,0,0.000000,0,0.148876
14,1.000000,1,0.010000,55.040000,4,7.780000,7,-0.027928
7,1.000000,5,0.030000,0.000000,0,0.000000,0,0.142353
3,0.510000,2,0.010000,0.000000,0,0.000000,0,0.088636
4,1.090000,3,0.000000,0.000000,0,0.000000,0,0.090177
3,0.000000,0,0.000000,0.000000,0,0.000000,0,0.873399
2,1.000000,2,0.440000,0.000000,0,0.000000,0,0.083118
12,1.000000,2,0.190000,0.000000,0,0.000000,0,-0.042749
3,0.500000,1,0.000000,0.000000,0,0.000000,0,0.168176
1,1.000000,1,0.000000,0.000000,0,0.000000,0,0.060704
1,1.000000,2,0.000000,0.000000,0,0.000000,0,0.006107
1,0.000000,1,0.000000,0.000000,0,0.000000,0,0.060704
1,1.000000,1,0.000000,0.000000,0,0.000000,0,0.060704
44,1.190000,9,0.090000,21.290000,15,183.300000,2,0.009789
95,1.980000,9,0.070000,25.460000,4,23.830000,42,0.104213
1,1.000000,1,0.000000,0.000000,0,0.000000,0,0.060704
2,0.700000,2,0.000000,0.000000,0,0.000000,0,0.023880
1,1.000000,2,0.000000,0.000000,0,0.000000,0,0.006107
5,0.970000,1,0.000000,0.000000,0,1.500000,2,0.745721
1,1.000000,2,0.000000,0.000000,0,0.000000,0,0.006107
3,0.500000,1,0.000000,0.000000,0,0.000000,0,0.168176
3,1.000000,1,0.000000,0.000000,0,0.030000,1,0.115914
1,1.000000,1,0.000000,0.000000,0,0.000000,0,0.060704
28,2.090000,20,0.190000,1600.000000,2,9.530000,4,0.019416
1,1.000000,1,0.000000,0.000000,0,0.000000,0,0.060704
16,0.860000,14,1.010000,0.000000,0,0.000000,0,0.008797
1,1.020000,2,0.000000,0.000000,0,0.000000,0,0.006107
1,1.000000,2,0.000000,0.000000,0,0.000000,0,0.006107
5,1.000000,5,0.030000,0.000000,0,0.000000,0,0.109545
1,1.000000,2,0.000000,0.000000,0,0.000000,0,0.006107
2,1.100000,1,0.000000,0.000000,0,0.000000,0,0.043039
1,1.000000,1,0.000000,0.000000,0,0.000000,0,0.060704
107,2.150000,18,0.400000,24.720000,32,15.130000,53,0.130009
6,1.670000,5,0.070000,0.000000,0,0.000000,0,0.123481
3,0.000000,1,0.000000,0.000000,0,0.000000,0,0.148876
16,1.290000,4,0.770000,144.830000,6,21.340000,2,0.060128
2,0.690000,2,0.000000,0.000000,0,0.000000,0,0.023880
1,1.000000,2,0.000000,0.000000,0,0.000000,0,0.006107
4,0.930000,2,0.010000,0.000000,0,0.000000,0,0.256608
35,1.340000,3,0.060000,27.120000,15,17.760000,3,-0.150963
1,1.000000,2,0.000000,0.000000,0,0.000000,0,0.006107
1,1.000000,2,0.000000,0.000000,0,0.000000,0,0.006107
1,0.170000,2,0.000000,0.000000,0,0.000000,0,0.004482
2,1.000000,2,0.000000,0.000000,0,0.000000,0,0.003380
1,1.000000,1,0.000000,0.000000,0,0.000000,0,0.060704
75,1.120000,6,0.230000,38.130000,35,97.190000,4,-0.081968
5,0.000000,0,0.000000,-0.460000,2,0.000000,0,-0.324233
1,1.000000,2,0.000000,0.000000,0,0.000000,0,0.006107
3,0.000000,0,0.000000,0.000000,0,0.000000,0,0.039649
4,0.000000,0,0.000000,0.000000,0,0.000000,0,0.401676
6,0.640000,3,0.000000,0.000000,0,0.000000,0,0.240088
3,0.000000,4,0.210000,0.000000,0,0.000000,0,0.009026
5,0.500000,1,0.000000,0.000000,0,0.000000,2,0.745721
72,0.500000,0,0.000000,1.420000,70,0.000000,0,-0.283326
2,0.500000,2,0.000000,0.000000,0,0.000000,0,0.023880
2,0.500000,1,0.000000,0.000000,0,0.000000,0,0.078798
3,1.000000,3,0.040000,0.000000,0,0.000000,0,0.106371
1,1.000000,1,0.000000,0.000000,0,0.000000,0,0.060704
1,1.000000,2,0.000000,0.000000,0,0.000000,0,0.006107
3,0.000000,0,0.000000,0.000000,0,0.000000,0,0.039649
483,0.890000,20,1.310000,445.830000,414,120.050000,20,0.683415
3,1.000000,1,0.310000,0.000000,0,0.000000,0,0.285494
2,0.500000,2,0.000000,0.000000,0,0.000000,0,0.083118
5,0.670000,1,0.000000,0.000000,0,3.000000,2,0.745721
2,0.670000,2,0.000000,0.000000,0,0.000000,0,0.023880
57,1.350000,20,1.150000,1.030000,14,-141.350000,15,0.004866
4,0.000000,1,0.090000,0.000000,0,0.000000,0,0.212131
1,1.000000,2,0.000000,0.000000,0,0.000000,0,0.006107
5,0.530000,2,0.640000,33.540000,2,0.000000,0,0.324341
1,1.000000,2,0.000000,0.000000,0,0.000000,0,0.006107
1,1.000000,2,0.000000,0.000000,0,0.000000,0,0.006107
3,0.000000,0,0.000000,0.000000,0,0.000000,0,0.039649
1,1.000000,2,0.000000,0.000000,0,0.000000,0,0.006107
2,0.500000,2,0.000000,0.000000,0,0.000000,0,0.023880
4,0.000000,0,0.000000,0.000000,0,0.000000,0,0.401676
1,1.000000,2,0.000000,0.000000,0,0.000000,0,0.006107
2,0.500000,2,0.000000,0.000000,0,0.000000,0,0.023880
2,0.500000,1,0.000000,0.000000,0,0.000000,0,0.078798
4,0.350000,0,0.000000,278.620000,2,0.000000,0,-0.262386
3,0.400000,1,0.200000,0.000000,0,0.000000,0,0.285494
1,1.000000,2,0.000000,0.000000,0,0.000000,0,0.006107
1,1.000000,1,0.000000,0.000000,0,0.000000,0,0.060704
47,0.960000,8,0.020000,33.460000,20,9.210000,1,0.003500
28,0.490000,6,0.240000,19.050000,5,28.970000,4,-0.032900
2,0.500000,2,0.000000,0.000000,0,0.000000,0,0.023880
1156,1.000000,0,0.000000,0.150000,1133,0.000000,22,-0.283327
9,0.710000,1,0.000000,648.100000,2,79.220000,3,0.085436
3,0.000000,0,0.000000,0.000000,0,0.000000,0,0.039649
3,0.000000,0,0.000000,0.000000,0,0.000000,0,-0.131988
1,1.000000,2,0.000000,0.000000,0,0.000000,0,0.006107
3,0.670000,2,0.040000,0.000000,0,0.000000,0,0.088636
4,0.000000,0,0.000000,0.000000,0,0.000000,0,0.401676
13,0.480000,4,0.480000,16.830000,3,2.000000,2,0.017909
3,0.500000,2,0.030000,0.000000,0,0.000000,0,0.088636
19,0.620000,0,0.000000,10.570000,2,0.300000,14,0.534891
1,1.000000,2,0.000000,0.000000,0,0.000000,0,0.006107
36,0.690000,4,0.030000,300.710000,12,0.000000,9,0.305139
91,1.090000,1,0.000000,40.980000,29,2.410000,46,0.804860
3,0.190000,1,0.000000,0.000000,0,0.000000,0,0.148876
39,0.640000,8,0.740000,30.050000,19,12.320000,2,-0.083279
11,0.830000,5,0.090000,1.370000,4,0.000000,0,0.011949
6,0.830000,3,0.040000,0.000000,0,79.720000,1,0.435891
1,0.070000,2,0.000000,0.000000,0,0.000000,0,0.004482
43,1.580000,1,0.070000,17.170000,35,10.240000,5,-0.960396
211,1.020000,10,0.770000,1.930000,121,1.930000,65,0.069324
1,1.000000,2,0.000000,0.000000,0,0.000000,0,0.006107
16,1.140000,0,0.000000,139.150000,2,1.750000,11,0.246475
275,0.040000,0,0.000000,-12.120000,272,0.000000,0,-0.963247
274,0.040000,0,0.000000,-11.790000,271,0.000000,0,-0.963247
162,0.500000,0,0.000000,0.600000,160,0.000000,0,-0.283327
4,0.000000,0,0.000000,0.000000,0,0.180000,3,0.743673
40,0.910000,10,0.200000,1031.170000,8,86.920000,13,0.174766
18,0.630000,3,0.040000,-0.560000,8,0.690000,4,0.627126
149,0.960000,48,0.310000,14.930000,58,17.710000,15,0.020414
114,0.440000,31,0.520000,20.530000,47,18.410000,10,0.021845
4,0.050000,0,0.000000,-1.290000,1,0.000000,0,-0.142742
47,2.260000,17,1.050000,234.250000,4,3.890000,4,0.066489
4,0.380000,2,0.000000,1221.320000,1,204.990000,1,0.289744
2,0.520000,1,0.000000,0.000000,0,0.000000,0,0.078798
34,0.070000,1,0.000000,290.560000,20,95.070000,11,0.018329
2,0.500000,1,0.000000,0.000000,0,0.000000,0,0.078798
1,0.050000,2,0.000000,0.000000,0,0.000000,0,0.004482
24,1.330000,6,0.190000,684.260000,2,22.480000,7,0.298987
3,0.000000,0,0.000000,0.000000,0,0.000000,0,0.039649
3,0.120000,3,0.090000,0.000000,0,0.000000,0,0.007894
10,0.510000,6,0.050000,1640.050000,1,10.700000,1,0.081244
6,0.470000,4,0.820000,458.610000,1,0.000000,0,0.006361
3,0.000000,0,0.000000,0.000000,0,0.000000,0,0.039649
1,1.000000,2,0.000000,0.000000,0,0.000000,0,0.006107
20,0.910000,8,0.400000,0.000000,0,0.700000,10,0.169863
2,0.030000,2,0.000000,0.000000,0,0.000000,0,0.009235
6,0.710000,3,0.010000,0.000000,0,3.760000,2,0.158728
5,0.820000,6,0.070000,0.000000,0,0.000000,0,0.011602
2,0.510000,1,0.000000,0.000000,0,0.000000,0,0.078798
1,1.000000,2,0.000000,0.000000,0,0.000000,0,0.006107
3,0.000000,0,0.000000,0.000000,0,0.000000,0,0.873399
1,1.000000,2,0.000000,0.000000,0,0.000000,0,0.006107
4,1.020000,3,0.020000,0.000000,0,24.350000,1,0.008807
2,0.500000,1,0.000000,0.000000,0,0.000000,0,0.078798
1,1.000000,2,0.000000,0.000000,0,0.000000,0,0.006107
1,1.000000,1,0.000000,0.000000,0,0.000000,0,0.060704
1,0.000000,1,0.000000,0.000000,0,0.000000,0,0.060704
1,1.000000,2,0.000000,0.000000,0,0.000000,0,0.006107
3,0.060000,0,0.000000,-0.680000,2,0.000000,0,-0.291179
79,1.540000,15,0.180000,40.660000,25,1.230000,6,-0.088184
18,2.740000,7,0.320000,0.000000,0,1.500000,2,0.803816
1,1.000000,1,0.000000,0.000000,0,0.000000,0,0.060704
2,0.770000,2,0.000000,0.000000,0,0.000000,0,0.023880
5,0.980000,1,0.000000,110.670000,2,167.220000,1,0.110228
1,1.000000,1,0.000000,0.000000,0,0.000000,0,0.060704
3,0.500000,2,0.000000,0.000000,0,0.000000,0,0.047635
2,1.000000,0,0.000000,0.000000,0,0.390000,1,0.090829
10,1.990000,8,0.100000,0.000000,0,0.000000,0,0.535357
3,0.570000,0,0.000000,-0.910000,2,0.000000,0,-0.291179
106,2.230000,23,0.680000,9.850000,12,23.580000,61,0.059269
23,0.440000,1,0.000000,13.250000,11,3.400000,3,0.504497
1,0.000000,1,0.000000,0.000000,0,0.000000,0,0.060704
1,1.000000,1,0.000000,0.000000,0,0.000000,0,0.060704
3,1.030000,3,0.010000,0.000000,0,0.000000,0,0.002832
1,1.000000,1,0.000000,0.000000,0,0.000000,0,0.060704
1,1.000000,1,0.000000,0.000000,0,0.000000,0,0.060704
40,2.350000,13,0.870000,14.160000,7,32.000000,17,0.834551
7,0.670000,5,0.210000,0.000000,0,0.000000,0,0.123748
3,1.010000,1,0.000000,0.000000,0,0.000000,0,0.122990
49,3.070000,21,0.190000,65.280000,3,34.770000,11,0.140822
2,0.670000,1,0.000000,0.000000,0,0.000000,0,0.078798
10,0.480000,1,0.000000,-1.010000,1,9.640000,7,0.896496
2,0.500000,1,0.000000,0.000000,0,0.000000,0,0.078798
43,1.760000,5,0.030000,117.720000,17,1234.200000,5,0.202601
1,1.000000,1,0.000000,0.000000,0,0.000000,0,0.060704
2,0.110000,3,0.000000,0.000000,0,0.000000,0,0.006598
1,1.000000,1,0.000000,0.000000,0,0.000000,0,0.060704
3,0.170000,2,0.000000,933.810000,1,916.650000,1,0.017009
1,1.000000,1,0.000000,0.000000,0,0.000000,0,0.060704
2,1.500000,2,0.000000,0.000000,0,0.000000,0,0.083118
1,1.000000,1,0.000000,0.000000,0,0.000000,0,0.060704
42,1.830000,17,0.490000,1235.090000,7,70.630000,12,0.024112
3,0.500000,1,0.000000,0.000000,0,0.000000,0,0.168176
1,1.000000,2,0.000000,0.000000,0,0.000000,0,0.006107
8,0.000000,0,0.000000,0.000000,0,0.000000,0,0.983933
4,0.600000,3,0.000000,0.000000,0,0.000000,0,0.031373
12,0.500000,4,0.010000,20.550000,2,21.180000,2,0.004271
3,0.500000,1,0.000000,0.000000,0,0.000000,0,0.168176
2,0.670000,1,0.000000,0.000000,0,0.000000,0,0.078798
2,0.500000,2,0.000000,0.000000,0,0.000000,0,0.023880
2,0.170000,2,0.000000,0.000000,0,0.000000,0,0.009235
16,0.540000,5,0.020000,58.050000,2,0.000000,3,0.273086
1,1.000000,1,0.000000,0.000000,0,0.000000,0,0.060704
1,1.000000,2,0.000000,0.000000,0,0.000000,0,0.006107
2,0.000000,1,0.000000,0.000000,0,0.000000,0,0.078798
140,1.160000,27,0.500000,5.990000,67,56.950000,11,0.083595
5,2.460000,2,0.000000,0.000000,0,1443.000000,2,0.028200
2,0.670000,2,0.000000,0.000000,0,0.000000,0,0.023880
6,0.000000,3,0.060000,0.000000,2,0.000000,0,0.392101
3,1.000000,3,0.210000,0.000000,0,0.000000,1,0.048666
38,1.380000,9,0.530000,261.870000,11,0.960000,14,0.046899
6,0.010000,0,0.000000,-18737.580000,1,0.000000,0,-0.233438
1,1.000000,2,0.000000,0.000000,0,0.000000,0,0.006107
1,1.000000,1,0.000000,0.000000,0,0.000000,0,0.060704
2,1.000000,3,0.000000,0.000000,0,0.000000,0,0.004855
3,0.000000,0,0.000000,0.000000,0,0.000000,0,0.039649
3,0.500000,2,0.000000,0.000000,0,0.000000,0,0.047635
4,0.000000,0,0.000000,0.000000,0,0.000000,0,0.401676
1,1.000000,2,0.000000,0.000000,0,0.000000,0,0.006107
3,0.590000,1,0.000000,0.000000,0,0.000000,0,0.168176
2,0.500000,1,0.000000,0.000000,0,0.000000,0,0.078798
31,0.160000,2,0.010000,6.120000,23,57.340000,2,0.115396
1,1.000000,1,0.000000,0.000000,0,0.000000,0,0.060704
4,0.510000,4,0.150000,0.000000,0,0.000000,0,0.129509
2,1.000000,2,0.000000,0.000000,0,0.000000,0,0.003380
3,0.010000,1,0.000000,0.000000,0,0.000000,0,0.148876
11,0.780000,7,1.250000,0.000000,0,0.000000,0,0.455804
47,0.840000,11,0.370000,26.940000,13,0.000000,8,0.122691
2,0.500000,1,0.000000,0.000000,0,0.000000,0,0.078798
998,1.000000,0,0.000000,0.030000,975,0.000000,22,-0.283326
2,0.500000,2,0.000000,0.000000,0,0.000000,0,0.023880
5,1.980000,2,0.000000,56.630000,1,0.000000,0,0.051184
34,0.760000,1,0.000000,4.450000,3,0.000000,20,0.682463
3,0.000000,0,0.000000,0.000000,0,0.000000,0,0.039649
40,0.300000,3,0.600000,56.730000,18,2.960000,2,0.002137
2,0.590000,2,0.000000,0.000000,0,0.000000,0,0.023880
46,1.070000,1,0.000000,12.640000,20,0.000000,23,0.327159
3,0.930000,1,0.000000,0.000000,0,0.000000,0,0.148876
116,0.800000,21,0.530000,8.780000,14,10.780000,41,0.031862
48,1.140000,0,0.000000,-4.030000,25,0.380000,12,-0.560223
59,1.540000,22,0.540000,1225.950000,15,61.680000,7,0.010775
26,0.660000,7,0.030000,5.760000,7,12.390000,2,0.183011
8,0.530000,6,0.260000,0.000000,0,0.000000,0,0.132500
29,1.560000,15,0.710000,14.380000,2,0.230000,9,0.042983
165,0.800000,0,0.000000,2.160000,46,0.060000,99,0.581372
6,0.940000,1,0.140000,0.000000,0,37.820000,4,0.263493
224,0.670000,11,0.720000,10.430000,88,1.430000,96,-0.789256
1,1.000000,2,0.000000,0.000000,0,0.000000,0,0.006107
14,1.340000,3,0.180000,578.120000,1,-0.030000,6,-0.046357
282,0.050000,0,0.000000,3.910000,279,0.000000,0,-0.963247
3,0.000000,0,0.000000,0.000000,0,0.000000,0,0.873399
138,0.500000,0,0.000000,0.070000,136,0.000000,0,-0.283327
7,0.010000,0,0.000000,1255.650000,3,11.540000,3,0.749507
19,0.550000,11,0.120000,0.470000,2,131.210000,4,0.009892
1,0.000000,2,0.000000,0.000000,0,0.000000,0,0.004482
78,0.910000,3,0.000000,1.920000,37,9.360000,26,-0.616120
109,0.420000,14,1.920000,10.440000,42,18.270000,4,-0.059927
231,1.060000,69,3.000000,22.370000,68,-12.090000,18,-0.198096
20,4.010000,4,0.000000,-130.100000,6,15.010000,3,0.103550
17,2.800000,9,0.060000,0.000000,0,98.800000,1,0.096385
3,1.000000,3,0.000000,0.000000,0,0.000000,0,0.106371
4,1.010000,4,0.000000,0.000000,0,0.000000,0,0.158400
2,0.500000,2,0.000000,0.000000,0,0.000000,0,0.023880
6,0.030000,0,0.000000,1120.000000,4,853.500000,1,-0.051818
1,0.400000,2,0.000000,0.000000,0,0.000000,0,0.006107
33,1.190000,5,0.070000,45.700000,10,256.610000,12,0.202761
3,0.000000,0,0.000000,0.000000,0,0.000000,0,0.039649
11,0.430000,1,0.000000,35.750000,4,0.000000,0,-0.245711
3,1.000000,1,0.000000,898.050000,1,0.000000,0,0.038767
1,1.000000,1,0.000000,0.000000,0,0.000000,0,0.060704
3,0.000000,0,0.000000,0.000000,0,0.000000,0,0.039649
6,0.940000,1,0.000000,0.000000,0,0.000000,0,0.059128
2,0.120000,2,0.000000,0.000000,0,0.000000,0,0.009235
5,0.000000,1,0.010000,10.430000,1,0.000000,0,0.051328
3,0.700000,0,0.000000,0.000000,0,-2.380000,2,0.231312
3,0.690000,2,0.070000,0.000000,0,0.000000,0,0.088636
