0,0,0,0,0,0,0,0,0,0
5,0.500000,4,0.020000,0.000000,0,0.000000,0,-0.046188,-0.028698
7,1.270000,5,0.200000,1073.910000,1,0.000000,0,-0.075073,-0.053624
12,0.990000,5,0.020000,2.690000,5,0.000000,1,-0.065184,-0.048732
4,1.000000,1,0.000000,0.000000,0,0.000000,2,-0.057549,-0.036759
4,1.200000,5,0.000000,0.000000,0,0.000000,0,-0.046188,-0.028698
28,0.150000,5,0.050000,22.030000,10,32.450000,2,-0.051300,-0.034586
2,0.550000,2,0.000000,860.700000,1,0.000000,0,-0.041928,-0.027691
2,1.000000,1,0.000000,0.000000,0,0.000000,0,-0.044010,-0.026868
1,1.000000,1,0.000000,0.000000,0,0.000000,0,-0.044010,-0.026868
3,0.850000,2,0.000000,0.000000,0,80.850000,1,-0.045367,-0.027958
8,0.580000,0,0.000000,193.480000,5,224.440000,2,-0.034782,-0.023935
7,1.510000,5,0.020000,0.000000,0,16.090000,1,-0.060730,-0.040489
108,1.320000,36,0.920000,26.510000,7,27.650000,26,-0.054032,-0.033272
2,1.000000,3,0.000000,0.000000,0,0.000000,0,-0.046188,-0.028698
70,1.550000,20,0.250000,15.290000,19,14.480000,10,-0.057647,-0.038836
2,0.500000,1,0.000000,0.000000,0,0.000000,0,-0.069607,-0.046458
1,1.000000,2,0.000000,0.000000,0,0.000000,0,-0.044010,-0.026868
3,1.000000,3,0.000000,0.000000,0,0.000000,1,-0.067252,-0.045966
1,0.790000,2,0.000000,0.000000,0,0.000000,0,-0.073079,-0.051640
6,0.670000,2,0.000000,0.000000,0,0.000000,0,-0.080331,-0.057377
6,1.000000,3,0.000000,0.000000,0,1.000000,2,-0.128990,-0.096126
5,1.000000,2,0.000000,1917.560000,1,0.000000,0,-0.044193,-0.027098
51,2.220000,21,0.290000,1630.390000,9,22.310000,15,-0.059814,-0.041784
1,1.000000,2,0.000000,0.000000,0,0.000000,0,-0.044010,-0.026868
2,1.010000,1,0.000000,0.000000,0,0.000000,0,-0.044010,-0.026868
1,1.000000,2,0.000000,0.000000,0,0.000000,0,-0.044010,-0.026868
26,0.830000,22,0.320000,1487.600000,1,28.750000,2,-0.052845,-0.036577
1,1.000000,2,0.000000,0.000000,0,0.000000,0,-0.044010,-0.026868
26,2.630000,14,0.780000,64.610000,1,479.020000,6,-0.051639,-0.034317
2,1.010000,3,0.250000,0.000000,0,0.000000,0,-0.038681,-0.022910
13,1.020000,1,0.000000,40.500000,4,31.580000,4,-0.054448,-0.037409
4,0.560000,1,0.950000,0.000000,0,0.000000,0,-0.041656,-0.025225
1,1.000000,2,0.000000,0.000000,0,0.000000,0,-0.044010,-0.026868
1,1.000000,2,0.000000,0.000000,0,0.000000,0,-0.044010,-0.026868
2,1.190000,1,0.000000,0.000000,0,0.000000,0,-0.044010,-0.026868
54,1.780000,18,0.400000,1649.800000,14,10.980000,8,-0.059056,-0.040076
2,1.000000,3,0.490000,0.000000,0,0.000000,0,-0.046188,-0.028698
3,1.000000,1,0.000000,0.000000,0,0.000000,0,-0.045092,-0.028558
6,0.440000,1,0.000000,356.360000,2,133.010000,1,-0.035853,-0.023261
3,1.000000,1,0.000000,0.000000,0,0.000000,0,-0.044010,-0.026868
13,0.540000,3,0.390000,21.630000,3,2.100000,4,-0.086953,-0.065318
3,0.760000,0,0.000000,0.000000,0,0.000000,0,-0.048974,-0.030982
2,1.830000,2,0.450000,0.000000,0,0.000000,0,-0.038681,-0.022910
6,1.070000,3,0.020000,0.000000,3,0.000000,0,-0.128990,-0.096126
18,1.890000,5,0.490000,250.200000,9,137.140000,4,-0.031367,-0.022701
12,1.620000,2,0.000000,0.000000,0,0.000000,0,-0.067077,-0.044371
3,0.500000,2,0.000000,0.000000,0,0.000000,0,-0.076210,-0.053390
3,1.040000,4,0.170000,0.000000,0,0.000000,0,-0.040559,-0.024661
1,1.000000,1,0.000000,0.000000,0,0.000000,0,-0.044010,-0.026868
4,1.030000,2,0.010000,0.000000,0,0.000000,0,-0.045042,-0.027975
12,0.010000,1,0.000000,121.920000,7,634.490000,1,-0.071007,-0.058092
4,0.670000,2,0.000000,0.000000,0,0.000000,0,-0.040445,-0.026031
11,0.830000,3,0.000000,242.660000,5,3.000000,3,-0.067437,-0.052695
7,0.670000,2,0.010000,0.000000,0,0.000000,0,-0.128990,-0.096126
43,1.100000,6,0.150000,1.600000,11,8.640000,11,-0.059438,-0.043218
6,0.680000,2,0.000000,0.000000,0,21.890000,1,-0.039434,-0.025041
5,0.500000,2,0.190000,0.000000,0,0.000000,0,-0.128990,-0.096126
2,0.500000,1,0.000000,0.000000,0,0.000000,0,-0.047105,-0.029508
7,0.360000,5,0.230000,871.290000,2,1032.810000,1,-0.038439,-0.023501
2,0.500000,1,0.000000,0.000000,0,0.000000,0,-0.047105,-0.029508
85,1.230000,22,1.230000,54.130000,18,1.850000,25,-0.061434,-0.040745
8,1.020000,3,0.030000,0.000000,0,21.050000,4,-0.045734,-0.028054
1,1.000000,1,0.000000,0.000000,0,0.000000,0,-0.044010,-0.026868
4,1.630000,2,0.000000,0.000000,0,0.000000,0,-0.128990,-0.096126
2,1.070000,1,0.000000,0.000000,0,0.000000,0,-0.047105,-0.029508
222,1.410000,56,0.640000,1883.800000,32,8.370000,47,-0.070762,-0.047688
2,1.000000,2,0.000000,0.000000,0,0.000000,0,-0.044010,-0.026868
3,0.500000,1,0.000000,0.000000,0,0.000000,0,-0.073500,-0.050462
3,0.530000,2,0.000000,0.000000,0,0.000000,0,-0.060395,-0.038708
2,0.820000,2,0.000000,0.000000,0,0.000000,0,-0.047105,-0.029508
1,1.000000,1,0.000000,0.000000,0,0.000000,0,-0.044010,-0.026868
1,1.000000,2,0.000000,0.000000,0,0.000000,0,-0.044010,-0.026868
4,1.000000,3,0.000000,0.000000,0,0.000000,0,-0.058813,-0.040704
14,1.350000,8,0.280000,0.000000,0,15.780000,1,-0.054398,-0.034738
5,0.670000,2,0.000000,57.690000,2,0.000000,0,-0.044659,-0.027217
1,1.000000,2,0.000000,0.000000,0,0.000000,0,-0.044010,-0.026868
4,0.970000,4,0.670000,1279.070000,1,0.000000,0,-0.035973,-0.022806
3,1.000000,1,0.000000,0.000000,0,0.000000,0,-0.044010,-0.026868
1,1.000000,1,0.000000,0.000000,0,0.000000,0,-0.044010,-0.026868
4,0.080000,1,0.000000,1876.370000,1,239.840000,1,-0.047105,-0.029508
9,1.090000,3,0.680000,314.150000,6,1706.410000,1,-0.055287,-0.044561
2,0.500000,1,0.000000,0.000000,0,0.000000,0,-0.047105,-0.029508
5,0.980000,2,0.000000,41.090000,1,0.000000,0,-0.047105,-0.029508
2,0.550000,2,0.000000,0.000000,0,0.000000,0,-0.045272,-0.027328
1,0.510000,3,0.000000,0.000000,0,0.000000,0,-0.063956,-0.045174
3,1.000000,3,0.030000,0.000000,0,0.000000,0,-0.046188,-0.028698
15,0.750000,7,0.290000,0.000000,0,84.530000,6,-0.060732,-0.040224
4,1.910000,3,0.000000,0.000000,0,0.000000,0,-0.038466,-0.024057
2,0.500000,1,0.000000,0.000000,0,0.000000,0,-0.047105,-0.029508
8,1.040000,1,0.000000,0.000000,0,0.000000,1,-0.128990,-0.096126
6,1.010000,2,0.000000,1824.190000,3,1825.190000,1,-0.040166,-0.025581
1,1.000000,2,0.000000,0.000000,0,0.000000,0,-0.044010,-0.026868
148,2.260000,47,1.240000,1890.000000,29,18.780000,48,-0.064617,-0.042531
15,0.550000,4,0.000000,48.880000,3,0.000000,3,-0.077791,-0.056063
156,1.790000,35,0.990000,9.200000,24,31.110000,49,-0.064191,-0.040498
14,0.350000,5,0.000000,758.500000,2,0.000000,0,-0.064914,-0.045170
4,0.680000,3,0.000000,0.000000,0,0.000000,0,-0.045412,-0.027736
2,0.670000,1,0.000000,0.000000,0,0.000000,0,-0.047105,-0.029508
3,0.010000,1,0.010000,0.000000,0,0.000000,0,-0.042284,-0.025743
127,0.270000,2,0.040000,1.120000,121,0.000000,3,-0.051159,-0.048805
30,0.920000,2,0.000000,-0.070000,5,76.930000,11,-0.054120,-0.037357
4,0.000000,1,0.000000,0.000000,0,0.000000,0,-0.046343,-0.028741
100,1.830000,13,0.230000,48.690000,34,7.590000,20,-0.056515,-0.038139
8,0.080000,1,0.090000,0.000000,0,0.000000,0,-0.128990,-0.096126
4,0.640000,3,0.010000,0.000000,0,0.000000,0,-0.064249,-0.044771
19,0.290000,0,0.000000,-0.870000,10,4.490000,3,-0.050057,-0.040431
4,0.010000,2,0.000000,0.000000,0,0.000000,0,-0.038090,-0.022327
2,1.000000,2,0.040000,0.000000,0,0.000000,0,-0.046188,-0.028698
12,0.030000,0,0.000000,7.010000,5,157.130000,3,-0.026318,-0.017867
9,0.690000,0,0.000000,0.000000,0,7.530000,3,-0.077737,-0.051934
5,1.340000,4,0.010000,0.000000,0,0.000000,0,-0.093384,-0.067983
33,0.670000,7,0.020000,827.860000,3,1048.500000,14,-0.051339,-0.035083
34,1.150000,0,0.000000,-0.470000,26,1.920000,3,-0.036721,-0.029880
1,1.000000,1,0.000000,0.000000,0,0.000000,0,-0.044010,-0.026868
22,1.130000,2,0.030000,-1.190000,13,1.780000,2,-0.049495,-0.038084
14,0.300000,2,0.010000,2.690000,4,-132.120000,1,-0.068526,-0.055438
74,1.520000,15,0.320000,-10.000000,43,3.000000,8,-0.051744,-0.041316
19,0.740000,6,0.020000,18.430000,5,55.210000,5,-0.043453,-0.027766
6,0.520000,2,0.000000,0.000000,0,0.000000,0,-0.106164,-0.078976
4,0.050000,3,0.010000,0.000000,0,0.000000,0,-0.039394,-0.023480
18,0.150000,1,0.000000,1598.910000,8,299.690000,5,-0.075412,-0.053169
11,0.060000,1,0.000000,44.770000,6,0.000000,0,-0.128990,-0.096126
55,0.050000,0,0.000000,0.040000,54,0.000000,0,-0.048959,-0.047494
27,0.500000,0,0.000000,0.080000,20,2.100000,2,-0.037189,-0.029638
28,0.030000,1,0.000000,1899.300000,10,10.010000,8,-0.056753,-0.039239
5,0.010000,0,0.000000,437.330000,4,0.000000,0,-0.031207,-0.022043
28,0.530000,1,0.000000,0.050000,18,0.180000,2,-0.040857,-0.033859
17,0.510000,1,0.000000,0.050000,8,0.730000,1,-0.035277,-0.028160
14,0.620000,7,0.090000,171.560000,3,5.220000,1,-0.052575,-0.032955
60,0.380000,22,0.050000,321.740000,20,24.860000,4,-0.050141,-0.033472
166,3.330000,20,1.310000,65.610000,26,28.140000,16,-0.067067,-0.044209
109,0.920000,7,0.050000,16.370000,39,14.350000,28,-0.048706,-0.032449
13,0.260000,2,0.530000,1409.740000,5,590.570000,5,-0.038893,-0.024782
8,0.180000,1,0.000000,-0.200000,3,-0.700000,1,-0.038272,-0.024993
64,2.270000,17,1.700000,1488.370000,12,39.660000,18,-0.053615,-0.034334
7,0.010000,2,0.040000,1616.800000,2,7.990000,1,-0.128990,-0.096126
5,0.000000,1,0.000000,1602.860000,3,116.300000,1,-0.036009,-0.024542
59,0.400000,14,0.050000,35.430000,17,37.810000,14,-0.057395,-0.040230
1,1.000000,1,0.000000,0.000000,0,0.000000,0,-0.044010,-0.026868
163,1.180000,14,0.090000,6.720000,37,-35.000000,82,-0.072351,-0.049649
2,1.030000,2,0.000000,0.000000,0,0.000000,0,-0.044010,-0.026868
50,0.900000,6,0.010000,51.920000,20,947.770000,20,-0.066064,-0.049732
234,2.500000,7,0.440000,5.000000,88,353.200000,106,-0.074387,-0.055176
1,1.000000,1,0.000000,0.000000,0,0.000000,0,-0.044010,-0.026868
2,0.050000,1,0.000000,1834.850000,1,0.000000,0,-0.041928,-0.027691
6,0.040000,0,0.000000,-1.570000,2,-0.250000,1,-0.128990,-0.096126
3,0.420000,1,0.000000,0.000000,0,0.000000,0,-0.042284,-0.025743
15,0.060000,0,0.000000,72.640000,3,0.190000,11,-0.088874,-0.069378
10,0.110000,2,0.000000,0.000000,0,0.000000,0,-0.042741,-0.027304
4,1.000000,1,0.220000,0.000000,0,1.000000,2,-0.057549,-0.036759
14,1.000000,2,0.010000,0.000000,0,0.000000,0,-0.059412,-0.040240
13,1.810000,1,0.000000,-0.050000,3,8.980000,5,-0.060866,-0.043076
4,0.000000,2,0.000000,39.070000,2,0.000000,0,-0.045297,-0.028646
62,0.030000,0,0.000000,-12.440000,57,1924.660000,1,-0.058997,-0.049936
493,0.060000,0,0.000000,-12.440000,490,0.000000,0,-0.052012,-0.050289
20,0.680000,2,0.010000,-1.170000,3,30.750000,1,-0.075958,-0.057309
12,0.010000,0,0.000000,0.000000,9,0.000000,0,-0.028730,-0.020812
4,0.100000,2,0.000000,0.000000,0,0.000000,0,-0.038229,-0.022159
6,0.000000,1,0.000000,-55.990000,3,6.110000,2,-0.038125,-0.024559
21,0.960000,3,0.000000,-147.950000,2,0.000000,0,-0.059177,-0.041220
2,1.710000,1,0.000000,0.000000,0,0.000000,0,-0.044010,-0.026868
23,0.400000,3,0.000000,0.080000,12,0.090000,1,-0.045133,-0.033600
3,0.000000,1,0.000000,0.000000,0,0.000000,0,-0.064393,-0.044286
42,0.090000,4,0.310000,36.470000,17,61.690000,12,-0.049496,-0.037300
5,0.000000,0,0.000000,1922.560000,1,1.000000,1,-0.050538,-0.033779
21,0.190000,3,0.300000,136.600000,10,1.750000,6,-0.054352,-0.038260
3,0.010000,1,0.000000,1901.470000,1,0.000000,0,-0.049596,-0.035748
1,0.000000,2,0.000000,0.000000,0,0.000000,0,-0.042284,-0.025743
3,0.010000,1,0.000000,0.000000,0,0.000000,0,-0.045106,-0.027643
78,1.070000,35,1.620000,114.650000,9,22.040000,12,-0.051821,-0.032066
107,2.830000,27,0.020000,93.180000,23,1.220000,12,-0.055643,-0.041680
234,1.630000,26,0.780000,1503.260000,61,108.130000,39,-0.058061,-0.040184
14,0.040000,1,0.000000,142.420000,9,0.000000,0,-0.028520,-0.020020
1,0.930000,2,0.000000,0.000000,0,0.000000,0,-0.042284,-0.025743
5,0.500000,1,0.380000,0.000000,0,6.000000,2,-0.128990,-0.096126
4,0.010000,2,0.020000,16.250000,2,0.000000,0,-0.033519,-0.021885
5,0.510000,1,0.000000,0.000000,0,0.000000,0,-0.106164,-0.078976
173,1.340000,63,2.440000,2.020000,41,24.790000,35,-0.060681,-0.040934
227,1.480000,62,4.560000,24.860000,70,392.110000,37,-0.053737,-0.036465
18,0.030000,5,0.160000,48.710000,5,171.630000,7,-0.079227,-0.058073
234,1.650000,66,3.230000,39.990000,68,11.170000,48,-0.060301,-0.041547
3,0.000000,1,0.000000,0.000000,0,0.000000,0,-0.041656,-0.025225
48,1.070000,9,0.020000,-736.900000,28,66.040000,4,-0.049596,-0.039829
18,0.510000,0,0.000000,21.230000,6,0.000000,3,-0.063857,-0.048671
6,0.360000,2,0.000000,31.420000,3,0.000000,0,-0.035561,-0.023181
11,0.040000,0,0.000000,60.100000,5,0.000000,0,-0.040767,-0.030911
9,0.510000,3,0.000000,336.070000,4,0.000000,0,-0.042592,-0.031592
12,0.990000,4,0.000000,1846.420000,6,0.000000,0,-0.128990,-0.096126
10,0.290000,4,0.000000,119.530000,5,61.650000,1,-0.033468,-0.022698
3,0.500000,1,0.000000,0.000000,0,0.000000,0,-0.040445,-0.026031
6,0.040000,2,0.010000,0.000000,0,0.000000,0,-0.044226,-0.026416
4,1.000000,0,0.000000,0.620000,3,0.000000,0,-0.028909,-0.020320
8,0.010000,0,0.000000,1672.160000,2,215.220000,4,-0.031335,-0.021222
4,0.040000,0,0.000000,626.370000,2,0.000000,0,-0.037439,-0.025951
10,0.110000,2,0.000000,32.610000,3,10.890000,2,-0.040976,-0.025637
4,0.510000,3,0.000000,0.000000,0,0.000000,0,-0.060107,-0.039073
24,0.490000,2,0.000000,185.000000,6,57.650000,6,-0.082860,-0.061051
25,1.060000,11,0.180000,1467.030000,3,18.690000,8,-0.051593,-0.036367
3,0.000000,0,0.000000,81.750000,2,0.000000,0,-0.038990,-0.024754
2,0.500000,2,0.000000,0.000000,0,0.000000,0,-0.047105,-0.029508
9,1.030000,3,0.000000,1917.830000,2,30.910000,3,-0.077175,-0.056975
7,0.790000,6,0.000000,0.000000,0,0.000000,0,-0.128990,-0.096126
8,1.190000,1,0.000000,301.390000,3,0.640000,3,-0.040151,-0.025329
3,1.110000,3,0.010000,0.000000,0,0.000000,0,-0.046188,-0.028698
14,0.010000,1,0.000000,33.560000,8,1899.460000,5,-0.063295,-0.052541
4,0.870000,1,0.000000,2279.300000,2,0.000000,0,-0.072917,-0.052047
3,0.930000,1,0.000000,0.000000,0,0.000000,0,-0.042284,-0.025743
2,0.000000,4,1.000000,0.000000,0,0.000000,0,-0.067670,-0.047475
35,1.530000,2,0.010000,0.130000,17,10.010000,8,-0.062883,-0.050085
8,0.000000,0,0.000000,1607.460000,2,508.360000,2,-0.086452,-0.063580
4,1.500000,2,0.000000,0.000000,0,0.000000,0,-0.038466,-0.024057
112,1.230000,40,0.370000,23.780000,19,0.000000,25,-0.055002,-0.036464
1,0.930000,2,0.000000,0.000000,0,0.000000,0,-0.042284,-0.025743
27,0.290000,13,0.060000,2.600000,7,17.100000,1,-0.049938,-0.032550
3,0.500000,2,0.000000,0.000000,0,0.000000,0,-0.047847,-0.029635
1,1.000000,1,0.000000,0.000000,0,0.000000,0,-0.044010,-0.026868
1,0.690000,2,0.000000,0.000000,0,0.000000,0,-0.042284,-0.025743
1,0.770000,2,0.000000,0.000000,0,0.000000,0,-0.042284,-0.025743
11,0.640000,2,0.000000,134.480000,5,0.000000,0,-0.072795,-0.054309
1,1.000000,2,0.000000,0.000000,0,0.000000,0,-0.044010,-0.026868
1,1.000000,1,0.000000,0.000000,0,0.000000,0,-0.044010,-0.026868
45,1.860000,7,0.040000,18.770000,14,88.070000,14,-0.048414,-0.033761
3,0.960000,1,0.000000,0.000000,0,0.000000,0,-0.042284,-0.025743
2,0.750000,2,0.000000,0.000000,0,0.000000,0,-0.042284,-0.025743
1,0.870000,2,0.000000,0.000000,0,0.000000,0,-0.042284,-0.025743
44,1.730000,24,0.260000,34.010000,6,51.040000,9,-0.058532,-0.038254
1,0.780000,2,0.000000,0.000000,0,0.000000,0,-0.042284,-0.025743
12,1.210000,4,0.060000,-252.790000,2,2.600000,5,-0.094168,-0.071684
48,2.550000,3,0.000000,550.210000,5,305.690000,32,-0.074233,-0.050386
1,1.000000,1,0.000000,0.000000,0,0.000000,0,-0.044010,-0.026868
1,1.000000,1,0.000000,0.000000,0,0.000000,0,-0.044010,-0.026868
25,1.050000,6,0.020000,56.490000,9,0.890000,8,-0.047001,-0.032032
2,1.780000,3,0.050000,0.000000,0,0.000000,0,-0.042284,-0.025743
64,1.880000,23,1.350000,314.330000,12,35.060000,15,-0.060646,-0.041209
1,1.010000,1,0.000000,0.000000,0,0.000000,0,-0.044010,-0.026868
64,1.020000,29,0.640000,55.970000,13,33.730000,5,-0.050115,-0.033773
5,0.490000,1,0.000000,62.740000,1,0.000000,0,-0.047251,-0.029715
2,1.060000,3,0.000000,0.000000,0,0.000000,0,-0.059094,-0.039875
25,2.050000,5,0.010000,142.350000,12,0.000000,0,-0.042606,-0.032985
1,0.920000,2,0.000000,0.000000,0,0.000000,0,-0.042284,-0.025743
7,0.010000,2,0.000000,2605.700000,1,1.000000,1,-0.089659,-0.065048
9,2.270000,4,0.100000,1910.470000,3,2.000000,1,-0.048762,-0.036490
3,0.500000,1,0.000000,0.000000,0,0.000000,0,-0.040445,-0.026031
3,0.500000,2,0.000000,0.000000,0,0.000000,0,-0.040445,-0.026031
1,0.870000,2,0.000000,0.000000,0,0.000000,0,-0.042284,-0.025743
41,3.170000,15,0.580000,52.420000,12,15.640000,9,-0.046249,-0.032284
55,0.500000,9,0.880000,55.090000,17,1704.460000,14,-0.057399,-0.040763
2,0.800000,2,0.000000,0.000000,0,0.000000,0,-0.047105,-0.029508
4,1.020000,1,0.020000,0.000000,0,0.000000,0,-0.060377,-0.040729
65,0.810000,46,0.310000,100.380000,10,0.000000,9,-0.047182,-0.033499
6,0.010000,0,0.000000,2212.180000,1,2166.100000,2,-0.066884,-0.049192
3,0.670000,2,0.000000,0.000000,0,0.000000,0,-0.046188,-0.028698
141,0.790000,11,0.690000,19.590000,50,1.000000,24,-0.058331,-0.039016
3,0.500000,2,0.000000,0.000000,0,0.000000,0,-0.040445,-0.026031
245,0.510000,1,0.000000,-1.830000,241,0.000000,0,-0.049485,-0.047494
2,0.500000,1,0.000000,0.000000,0,0.000000,0,-0.047105,-0.029508
3,0.650000,4,0.020000,0.000000,0,0.000000,0,-0.040371,-0.024555
52,1.010000,14,0.640000,179.040000,20,0.000000,5,-0.060700,-0.047823
1,1.000000,1,0.000000,0.000000,0,0.000000,0,-0.044010,-0.026868
3,1.250000,3,0.000000,0.000000,0,0.000000,0,-0.128990,-0.096126
2,0.820000,2,0.000000,0.000000,0,0.000000,0,-0.046611,-0.029464
154,1.110000,60,0.430000,8.960000,15,0.000000,36,-0.059800,-0.038242
8,1.670000,3,0.130000,1460.420000,1,0.000000,0,-0.106164,-0.078976
2,0.500000,1,0.000000,0.000000,0,0.000000,0,-0.047105,-0.029508
3,0.100000,0,0.000000,0.000000,0,0.000000,0,-0.048974,-0.030982
17,0.250000,1,0.000000,2.070000,11,0.100000,4,-0.063432,-0.050881
1,1.000000,1,0.000000,0.000000,0,0.000000,0,-0.044010,-0.026868
8,0.000000,9,0.000000,0.000000,0,0.000000,0,-0.041710,-0.025272
1,0.830000,2,0.000000,0.000000,0,0.000000,0,-0.073079,-0.051640
20,2.580000,12,0.140000,37.050000,6,42.840000,2,-0.051506,-0.036184
5,0.680000,3,0.000000,2612.310000,1,0.000000,0,-0.064626,-0.043464
4,0.990000,3,0.010000,1792.410000,1,0.000000,0,-0.047912,-0.031199
2,0.360000,3,0.320000,0.000000,0,0.000000,0,-0.061635,-0.042611
17,1.470000,4,0.060000,38.470000,6,0.000000,0,-0.035464,-0.022734
5,0.790000,1,0.240000,-1449.990000,2,-0.130000,1,-0.040670,-0.026510
4,0.160000,0,0.000000,1706.640000,2,0.000000,0,-0.037439,-0.025951
9,0.870000,1,0.000000,33.660000,4,11.710000,1,-0.050533,-0.038588
6,0.500000,2,0.000000,117.720000,2,2587.480000,1,-0.036081,-0.024637
3,0.500000,2,0.000000,0.000000,0,0.000000,0,-0.073500,-0.050462
1,0.440000,2,0.000000,0.000000,0,0.000000,0,-0.042284,-0.025743
1,1.000000,2,0.000000,0.000000,0,0.000000,0,-0.044010,-0.026868
64,1.020000,3,0.010000,0.680000,27,-24.470000,21,-0.057400,-0.040558
1,1.000000,2,0.000000,0.000000,0,0.000000,0,-0.044010,-0.026868
3,0.000000,0,0.000000,0.000000,0,0.000000,0,-0.048974,-0.030982
15,0.240000,1,0.020000,22.670000,4,0.000000,1,-0.062525,-0.044024
2,1.000000,2,0.000000,0.000000,0,0.000000,0,-0.059094,-0.039875
3,0.820000,1,0.850000,0.000000,0,0.000000,0,-0.042284,-0.025743
46,0.900000,25,1.050000,706.370000,7,79.010000,7,-0.058000,-0.038075
21,1.150000,5,0.000000,107.370000,7,4.070000,2,-0.066015,-0.047106
228,2.030000,51,0.890000,44.690000,49,38.700000,57,-0.059004,-0.038416
5,0.500000,1,0.000000,0.000000,0,0.000000,2,-0.128990,-0.096126
2,0.750000,1,0.000000,0.000000,0,0.000000,0,-0.047105,-0.029508
3,0.210000,1,0.000000,1549.860000,1,0.000000,0,-0.043978,-0.028484
780,0.330000,0,0.000000,-0.020000,746,0.000000,30,-0.051018,-0.049044
13,0.830000,2,0.100000,2151.980000,1,51.590000,6,-0.064235,-0.045000
3,0.500000,2,0.000000,0.000000,0,0.000000,0,-0.046188,-0.028698
6,2.350000,5,0.470000,-0.070000,1,0.000000,0,-0.066491,-0.047914
3,0.010000,1,0.020000,0.000000,0,0.000000,0,-0.042284,-0.025743
34,0.330000,4,0.150000,37.520000,16,30.850000,5,-0.060882,-0.048708
3,0.000000,0,0.000000,0.000000,0,0.000000,0,-0.048974,-0.030982
12,0.040000,0,0.000000,147.810000,3,0.090000,5,-0.054762,-0.038389
8,0.670000,4,0.210000,744.660000,1,77.660000,1,-0.064618,-0.045367
4,0.030000,0,0.000000,72.670000,1,0.000000,0,-0.041690,-0.025431
8,0.000000,0,0.000000,0.000000,0,0.000000,0,-0.076151,-0.055899
118,1.450000,5,0.010000,0.070000,36,-0.270000,54,-0.070665,-0.051094
4,0.500000,3,0.090000,0.000000,0,0.000000,0,-0.046188,-0.028698
21,0.520000,0,0.000000,1.680000,16,-0.120000,1,-0.065334,-0.054312
4,0.490000,0,0.000000,0.000000,0,0.000000,0,-0.044385,-0.026523
57,1.620000,12,0.540000,73.980000,21,47.500000,13,-0.054416,-0.038134
19,0.070000,13,0.000000,502.160000,2,0.000000,0,-0.128990,-0.096126
79,1.310000,5,0.060000,14.000000,25,-0.130000,33,-0.065708,-0.048956
59,0.080000,3,0.030000,265.000000,41,145.000000,14,-0.054152,-0.045545
2,0.500000,2,0.000000,0.000000,0,0.000000,0,-0.047105,-0.029508
3,0.010000,1,0.000000,0.000000,0,0.000000,0,-0.041656,-0.025225
62,0.030000,0,0.000000,0.040000,61,0.000000,0,-0.049093,-0.046338
62,0.760000,0,0.000000,4.320000,4,6.890000,50,-0.072254,-0.044276
7,0.050000,0,0.000000,0.000000,0,0.130000,1,-0.084265,-0.059597
4,0.790000,1,0.240000,0.000000,0,0.000000,0,-0.128990,-0.096126
20,0.240000,9,0.020000,1552.460000,1,66.040000,2,-0.056113,-0.039095
73,1.880000,19,0.820000,2.770000,7,48.850000,5,-0.062728,-0.042100
59,1.080000,13,0.100000,44.150000,17,21.720000,19,-0.055310,-0.036826
1,1.000000,1,0.000000,0.000000,0,0.000000,0,-0.044010,-0.026868
1,0.000000,2,0.000000,0.000000,0,0.000000,0,-0.042284,-0.025743
10,0.720000,5,0.000000,38.820000,2,13.020000,1,-0.066545,-0.050237
39,0.590000,7,0.040000,110.760000,12,0.000000,11,-0.048136,-0.036751
37,0.530000,10,0.380000,54.720000,7,2.000000,13,-0.053040,-0.037124
14,0.580000,2,0.000000,235.160000,4,7.910000,3,-0.062100,-0.045677
436,1.030000,10,0.790000,90.000000,204,9.360000,199,-0.073351,-0.056974
12,1.020000,12,1.080000,0.000000,0,0.000000,0,-0.128990,-0.096126
58,0.950000,8,0.560000,7.970000,24,5.000000,20,-0.065954,-0.050373
2,0.030000,1,0.000000,2547.720000,1,0.000000,0,-0.041928,-0.027691
141,1.770000,12,0.450000,43.760000,26,-0.010000,72,-0.070783,-0.047648
4,0.000000,0,0.000000,0.000000,0,0.090000,3,-0.081996,-0.055986
8,1.010000,7,0.040000,0.000000,0,0.000000,0,-0.046188,-0.028698
5,0.100000,0,0.000000,76.440000,1,81.070000,2,-0.041675,-0.027581
5,1.000000,6,0.030000,0.000000,0,0.000000,0,-0.064769,-0.044965
1,0.960000,2,0.000000,0.000000,0,0.000000,0,-0.042284,-0.025743
3,0.000000,4,0.000000,0.000000,0,0.000000,0,-0.069466,-0.048544
281,0.030000,0,0.000000,4.250000,268,2662.410000,3,-0.048454,-0.046743
664,0.070000,0,0.000000,3.750000,661,0.000000,0,-0.052234,-0.050562
29,0.760000,6,0.170000,138.480000,9,1.500000,8,-0.073332,-0.053413
1,0.000000,2,0.000000,0.000000,0,0.000000,0,-0.042284,-0.025743
9,0.500000,3,0.010000,0.000000,0,0.000000,0,-0.038710,-0.024622
27,0.410000,2,0.000000,6.730000,11,65.020000,3,-0.034555,-0.023634
5,0.030000,2,0.000000,0.000000,0,0.960000,1,-0.073079,-0.051640
1,0.000000,2,0.000000,0.000000,0,0.000000,0,-0.073079,-0.051640
129,0.810000,4,0.010000,-22.770000,49,1.880000,66,-0.077914,-0.059778
3,0.000000,0,0.000000,1563.660000,2,0.000000,0,-0.038990,-0.024754
6,0.000000,0,0.000000,6.530000,4,8.460000,1,-0.031207,-0.022043
238,1.430000,83,3.710000,7.630000,65,46.260000,18,-0.056688,-0.037582
100,12.760000,19,0.130000,-0.130000,33,1.000000,1,-0.056832,-0.045928
108,2.010000,45,0.680000,1318.780000,22,41.420000,14,-0.053952,-0.035408
1,0.850000,2,0.000000,0.000000,0,0.000000,0,-0.042284,-0.025743
25,0.550000,11,0.130000,0.000000,5,1312.070000,3,-0.055062,-0.039728
20,0.260000,2,0.000000,28.020000,9,0.000000,4,-0.071292,-0.057660
10,0.370000,4,0.000000,178.920000,3,495.230000,2,-0.037090,-0.025562
385,3.550000,61,2.730000,28.210000,59,61.440000,177,-0.071082,-0.045640
175,2.200000,38,3.030000,40.740000,64,81.290000,31,-0.061338,-0.043452
7,0.220000,3,0.050000,64.460000,2,0.000000,0,-0.051686,-0.034783
168,1.920000,27,1.670000,6.900000,47,8.250000,39,-0.066717,-0.046064
18,0.120000,6,0.100000,140.630000,6,12.640000,1,-0.061120,-0.046591
68,0.740000,10,0.330000,1294.240000,36,4.350000,14,-0.065679,-0.051981
4,0.500000,3,0.000000,0.000000,0,0.000000,0,-0.056159,-0.037048
5,0.040000,1,0.000000,399.560000,2,557.420000,1,-0.034449,-0.024301
9,0.060000,0,0.000000,801.840000,6,1191.630000,1,-0.038136,-0.026011
11,0.580000,3,0.000000,119.520000,4,0.000000,0,-0.076847,-0.060366
47,0.500000,0,0.000000,-0.900000,36,-0.180000,4,-0.047713,-0.045506
128,0.680000,55,0.340000,1834.450000,26,14.710000,22,-0.058471,-0.038762
7,0.000000,2,0.000000,214.150000,4,109.810000,2,-0.058501,-0.041424
9,0.030000,2,0.060000,49.120000,2,30.030000,2,-0.036140,-0.023016
6,0.890000,1,0.000000,0.000000,0,-0.370000,3,-0.048023,-0.029401
1,1.000000,2,0.000000,0.000000,0,0.000000,0,-0.044010,-0.026868
6,0.340000,2,0.310000,718.230000,3,0.000000,0,-0.034148,-0.025545
2,0.500000,2,0.000000,0.000000,0,0.000000,0,-0.047105,-0.029508
16,1.030000,5,0.030000,34.260000,5,30.400000,1,-0.041657,-0.024776
5,0.000000,3,0.000000,36.030000,2,0.000000,0,-0.049704,-0.034484
47,0.630000,14,0.160000,18.380000,15,44.080000,8,-0.045320,-0.033644
3,1.000000,3,0.010000,0.000000,0,0.000000,0,-0.038930,-0.023106
12,0.510000,2,0.000000,0.000000,0,2.000000,2,-0.088152,-0.067968
2,1.100000,3,0.070000,0.000000,0,0.000000,0,-0.038681,-0.022910
70,1.300000,32,0.410000,26.520000,10,44.870000,16,-0.067121,-0.045208
99,0.260000,51,1.720000,1076.880000,14,48.750000,19,-0.061432,-0.042410
1,1.000000,2,0.000000,0.000000,0,0.000000,0,-0.044010,-0.026868
1,1.010000,2,0.000000,0.000000,0,0.000000,0,-0.044010,-0.026868
13,1.070000,12,1.120000,0.000000,0,0.000000,1,-0.055625,-0.037400
56,1.220000,0,0.000000,667.450000,6,0.130000,47,-0.089678,-0.060202
36,1.670000,8,0.580000,138.410000,8,30.060000,8,-0.053100,-0.034982
162,1.880000,34,0.520000,78.740000,28,24.760000,35,-0.068080,-0.046024
1,1.000000,2,0.000000,0.000000,0,0.000000,0,-0.044010,-0.026868
4,0.000000,0,0.000000,0.000000,0,0.000000,0,-0.044385,-0.026523
2,0.500000,2,0.000000,0.000000,0,0.000000,0,-0.047105,-0.029508
2,1.040000,1,0.000000,0.000000,0,0.000000,0,-0.044010,-0.026868
1,1.000000,1,0.000000,0.000000,0,0.000000,0,-0.044010,-0.026868
2,1.020000,2,0.000000,0.000000,0,0.000000,0,-0.044010,-0.026868
3,0.500000,1,0.000000,0.000000,0,0.000000,0,-0.073500,-0.050462
5,1.310000,0,0.000000,0.000000,0,0.150000,2,-0.058607,-0.037450
8,1.010000,6,0.000000,3859.980000,2,0.000000,0,-0.048046,-0.034360
26,1.550000,11,0.990000,170.170000,4,0.000000,5,-0.037792,-0.026657
4,1.000000,4,0.000000,0.000000,0,0.000000,0,-0.046188,-0.028698
27,3.600000,7,0.940000,2922.560000,10,3.230000,2,-0.053297,-0.039820
1,1.000000,1,0.000000,0.000000,0,0.000000,0,-0.044010,-0.026868
16,0.510000,5,0.020000,0.000000,0,-6.150000,6,-0.050218,-0.031366
1,1.000000,2,0.000000,0.000000,0,0.000000,0,-0.044010,-0.026868
3,0.000000,1,0.000000,0.000000,0,0.000000,0,-0.045106,-0.027643
14,2.480000,0,0.000000,1101.190000,4,127.720000,6,-0.099935,-0.073489
3,1.430000,2,0.000000,0.000000,0,0.000000,0,-0.038158,-0.022448
20,1.140000,9,0.440000,2208.180000,2,99.510000,8,-0.065015,-0.044049
1,1.000000,2,0.000000,0.000000,0,0.000000,0,-0.044010,-0.026868
226,2.780000,42,0.600000,111.880000,83,2.630000,87,-0.068188,-0.050462
1,1.010000,1,0.000000,0.000000,0,0.000000,0,-0.044010,-0.026868
23,1.720000,13,0.440000,3389.740000,2,59.830000,3,-0.063515,-0.044427
3,1.560000,2,0.040000,0.000000,0,0.000000,0,-0.046188,-0.028698
144,1.420000,49,0.980000,96.850000,23,608.480000,48,-0.070552,-0.048424
1,0.050000,2,0.000000,0.000000,0,0.000000,0,-0.042284,-0.025743
19,0.760000,0,0.000000,1008.130000,1,-0.240000,11,-0.104514,-0.073695
3,0.000000,0,0.000000,0.000000,0,0.000000,0,-0.044385,-0.026523
44,1.260000,8,0.050000,344.460000,16,65.400000,10,-0.050119,-0.035175
11,0.000000,1,0.000000,44.700000,9,0.000000,0,-0.035933,-0.028863
1,1.000000,1,0.000000,0.000000,0,0.000000,0,-0.044010,-0.026868
4,0.000000,0,0.000000,0.000000,0,0.000000,0,-0.041090,-0.026545
1,1.000000,1,0.000000,0.000000,0,0.000000,0,-0.044010,-0.026868
5,1.250000,1,0.000000,0.000000,0,0.000000,0,-0.044010,-0.026868
89,1.250000,16,1.820000,49.920000,25,2.630000,15,-0.052305,-0.034789
6,0.550000,1,0.000000,-36.450000,2,0.000000,0,-0.065145,-0.047250
1,0.110000,2,0.000000,0.000000,0,0.000000,0,-0.042284,-0.025743
93,0.940000,61,0.490000,0.020000,11,29.300000,16,-0.046015,-0.028831
29,0.080000,7,0.890000,523.330000,5,60.900000,2,-0.062997,-0.047793
11,0.670000,10,0.000000,0.000000,0,0.000000,0,-0.054629,-0.036069
8,0.030000,5,0.850000,38.380000,2,0.000000,0,-0.128990,-0.096126
2,0.500000,1,0.000000,0.000000,0,0.000000,0,-0.045272,-0.027328
109,0.210000,1,0.000000,-0.200000,105,0.000000,1,-0.049184,-0.046936
8,0.510000,4,0.000000,373.640000,4,0.000000,0,-0.061778,-0.042547
35,0.440000,6,0.060000,40.150000,14,0.000000,0,-0.044671,-0.030753
69,0.640000,20,0.100000,3082.780000,20,84.770000,19,-0.061973,-0.042201
1,1.000000,2,0.000000,0.000000,0,0.000000,0,-0.044010,-0.026868
1,1.000000,1,0.000000,0.000000,0,0.000000,0,-0.044010,-0.026868
5,1.510000,3,0.000000,0.000000,0,0.000000,0,-0.128990,-0.096126
2,0.950000,2,0.000000,0.000000,0,0.000000,0,-0.046611,-0.029464
1354,0.710000,58,0.820000,18.610000,1215,92.640000,29,-0.053393,-0.048827
1,1.000000,2,0.000000,0.000000,0,0.000000,0,-0.044010,-0.026868
3135,0.530000,2,0.010000,1.300000,3130,15.620000,1,-0.050960,-0.049560
1615,0.300000,0,0.000000,2.330000,1614,0.000000,0,-0.050001,-0.048663
3,1.000000,1,0.000000,0.000000,0,0.000000,0,-0.044010,-0.026868
1,1.000000,1,0.000000,0.000000,0,0.000000,0,-0.044010,-0.026868
4,1.070000,1,0.020000,0.000000,2,0.000000,0,-0.045351,-0.028661
105,2.510000,27,0.970000,45.440000,40,200.780000,29,-0.064089,-0.048585
2,0.910000,1,0.000000,0.000000,0,0.000000,0,-0.069607,-0.046458
1,1.000000,1,0.000000,0.000000,0,0.000000,0,-0.044010,-0.026868
39,0.750000,8,0.110000,76.470000,21,14.810000,7,-0.045757,-0.035368
3,1.000000,0,0.000000,0.000000,0,0.000000,2,-0.044722,-0.026871
4,0.000000,0,0.000000,0.000000,0,0.000000,0,-0.041090,-0.026545
2,0.500000,2,0.000000,0.000000,0,0.000000,0,-0.047105,-0.029508
1,1.000000,2,0.000000,0.000000,0,0.000000,0,-0.044010,-0.026868
3,0.000000,0,0.000000,0.000000,0,0.000000,0,-0.075047,-0.051656
9,0.530000,2,0.050000,89.820000,1,0.000000,0,-0.128990,-0.096126
3,0.200000,2,0.000000,0.000000,0,0.000000,0,-0.069769,-0.049982
2,1.740000,2,0.000000,0.000000,0,0.000000,0,-0.044010,-0.026868
100,0.950000,10,0.250000,23.300000,31,33.290000,30,-0.052735,-0.035146
6,2.360000,5,0.010000,0.000000,0,0.000000,0,-0.044660,-0.027902
47,0.080000,0,0.000000,716.200000,24,51.450000,14,-0.041699,-0.032267
70,0.510000,17,0.370000,42.220000,23,21.630000,12,-0.059094,-0.042698
8,0.500000,1,0.160000,568.840000,2,135.030000,3,-0.044213,-0.028451
1,1.000000,1,0.000000,0.000000,0,0.000000,0,-0.044010,-0.026868
5,1.340000,6,0.040000,0.000000,0,0.000000,0,-0.128990,-0.096126
54,1.240000,21,0.530000,30.800000,13,0.000000,8,-0.056226,-0.038231
44,0.700000,25,0.770000,37.740000,6,113.430000,6,-0.053751,-0.037163
2,0.500000,2,0.000000,0.000000,0,0.000000,0,-0.047105,-0.029508
3,0.000000,0,0.000000,0.000000,0,0.000000,0,-0.044385,-0.026523
2,0.280000,2,0.000000,0.000000,0,0.000000,0,-0.063991,-0.043358
3,0.020000,0,0.000000,0.000000,0,0.000000,0,-0.048974,-0.030982
63,1.020000,1,0.000000,249.000000,61,0.000000,0,-0.045310,-0.043943
53,0.720000,10,1.100000,65.950000,18,74.890000,12,-0.058942,-0.042853
20,0.570000,4,0.010000,449.720000,6,140.560000,6,-0.069075,-0.047736
3,0.010000,0,0.000000,0.000000,0,0.000000,0,-0.048974,-0.030982
4,0.030000,0,0.000000,0.000000,0,0.000000,0,-0.067077,-0.044371
21,0.110000,7,0.000000,-2.850000,6,114.190000,6,-0.050990,-0.038601
66,1.610000,30,0.670000,47.760000,19,217.630000,9,-0.055599,-0.038438
3,0.000000,0,0.000000,0.000000,0,0.000000,0,-0.048974,-0.030982
1,0.010000,2,0.000000,0.000000,0,0.000000,0,-0.042284,-0.025743
147,1.110000,2,0.000000,-1.350000,75,6.680000,55,-0.068462,-0.056037
40,0.520000,7,0.020000,1725.930000,10,52.060000,14,-0.070295,-0.048700
71,0.190000,0,0.000000,-0.400000,49,1.050000,18,-0.064529,-0.054821
38,0.600000,5,0.050000,137.150000,16,36.270000,9,-0.050081,-0.038620
71,2.240000,17,0.960000,235.590000,18,274.870000,15,-0.053038,-0.034606
82,0.910000,3,0.000000,39.990000,32,1.200000,32,-0.063472,-0.046969
3,0.000000,0,0.000000,0.000000,0,5.000000,2,-0.072565,-0.048862
6,0.530000,4,0.000000,0.000000,0,0.000000,0,-0.076142,-0.052747
99,0.750000,31,0.190000,50.300000,12,1.500000,31,-0.059841,-0.037969
56,0.020000,0,0.000000,0.080000,55,0.000000,0,-0.051107,-0.049122
109,1.530000,12,0.040000,93.500000,36,0.080000,38,-0.067906,-0.049229
6,1.080000,1,0.000000,3878.760000,2,2.000000,1,-0.128990,-0.096126
50,0.060000,8,0.050000,254.330000,22,428.480000,15,-0.049144,-0.038151
3,0.500000,1,0.000000,0.000000,0,0.000000,0,-0.073500,-0.050462
39,1.680000,15,0.260000,52.810000,13,26.570000,2,-0.051237,-0.034719
1,1.000000,1,0.000000,0.000000,0,0.000000,0,-0.044010,-0.026868
5,0.010000,0,0.000000,0.000000,0,0.700000,2,-0.046914,-0.028919
70,0.870000,18,2.250000,20.340000,28,0.000000,19,-0.050633,-0.037498
98,0.420000,8,0.130000,96.190000,37,108.050000,16,-0.048397,-0.031939
4,0.020000,0,0.000000,0.000000,0,0.000000,0,-0.041090,-0.026545
27,0.560000,7,0.180000,-26.100000,3,18.240000,7,-0.051693,-0.033432
45,1.370000,5,0.060000,10.780000,11,167.010000,16,-0.060910,-0.046316
101,0.600000,10,0.630000,168.650000,46,7.910000,37,-0.059404,-0.045698
2,0.010000,1,0.000000,3825.480000,1,0.000000,0,-0.041928,-0.027691
4,0.000000,0,0.000000,0.000000,0,2.970000,3,-0.068425,-0.043879
3,0.160000,0,0.000000,-0.120000,2,0.000000,0,-0.038990,-0.024754
4,0.000000,0,0.000000,0.000000,0,0.110000,3,-0.081996,-0.055986
3,1.000000,1,0.000000,0.000000,0,0.000000,0,-0.044010,-0.026868
108,1.740000,6,0.190000,91.200000,20,0.360000,66,-0.080684,-0.055006
254,0.020000,0,0.000000,1.400000,251,0.000000,0,-0.053234,-0.051096
643,0.070000,0,0.000000,-12.350000,640,0.000000,0,-0.050143,-0.049072
8,0.000000,0,0.000000,0.000000,0,0.000000,0,-0.040317,-0.025848
2,0.820000,2,0.000000,0.000000,0,0.000000,0,-0.047105,-0.029508
70,1.100000,28,0.300000,200.920000,19,169.580000,18,-0.066138,-0.047973
240,2.260000,5,0.100000,14.540000,51,1.660000,171,-0.086950,-0.062752
6,0.010000,3,0.000000,291.430000,2,0.000000,0,-0.048009,-0.035160
268,0.720000,66,1.150000,35.100000,91,95.070000,45,-0.059344,-0.040630
131,0.400000,56,0.650000,71.760000,24,49.390000,26,-0.059932,-0.040413
12,1.080000,2,0.710000,3649.590000,2,3750.140000,1,-0.128990,-0.096126
134,1.830000,37,0.690000,138.860000,46,10.320000,23,-0.062657,-0.044199
1,1.000000,2,0.000000,0.000000,0,0.000000,0,-0.044010,-0.026868
6,0.540000,4,0.010000,0.000000,0,0.000000,0,-0.077270,-0.055022
25,0.190000,7,0.070000,20.750000,6,45.520000,9,-0.048048,-0.036286
1089,0.300000,1,0.000000,3870.760000,1074,8.000000,13,-0.053357,-0.051356
77,0.510000,24,0.360000,64.390000,19,42.520000,20,-0.060477,-0.043090
71,0.850000,26,1.530000,-13.670000,19,121.960000,8,-0.053937,-0.036331
13,0.030000,1,0.030000,359.120000,4,269.660000,4,-0.029649,-0.020991
9,0.010000,1,0.000000,608.900000,3,25.510000,1,-0.128990,-0.096126
61,0.330000,21,0.290000,1339.620000,18,123.520000,11,-0.051878,-0.040037
7,0.160000,3,0.000000,31.960000,2,1.000000,1,-0.081330,-0.059173
3,0.000000,0,0.000000,3492.200000,2,0.000000,0,-0.038990,-0.024754
4,0.000000,0,0.000000,1174.360000,3,0.000000,0,-0.031207,-0.022043
3,0.000000,1,0.000000,3868.340000,1,0.000000,0,-0.043978,-0.028484
81,0.310000,47,0.360000,1383.440000,13,26.250000,9,-0.062513,-0.041588
4,0.430000,0,0.000000,-348.100000,1,0.000000,0,-0.041690,-0.025431
5,0.000000,0,0.000000,0.000000,0,0.870000,3,-0.090829,-0.063128
4,0.050000,1,0.000000,0.000000,0,0.000000,0,-0.062130,-0.040949
27,1.100000,0,0.000000,278.050000,13,39.100000,11,-0.052527,-0.039803
3,0.500000,3,0.070000,0.000000,0,0.000000,0,-0.047042,-0.029342
1,0.020000,2,0.000000,0.000000,0,0.000000,0,-0.042284,-0.025743
8,0.030000,0,0.000000,0.000000,0,0.000000,0,-0.077308,-0.057498
2,1.000000,2,0.160000,0.000000,0,0.000000,0,-0.046188,-0.028698
4,1.000000,4,0.200000,0.000000,0,0.000000,0,-0.045945,-0.028334
2,0.500000,1,0.000000,0.000000,0,0.000000,0,-0.047105,-0.029508
3,1.040000,3,0.000000,0.000000,0,0.000000,0,-0.038158,-0.022448
1,0.000000,1,0.000000,0.000000,0,0.000000,0,-0.044010,-0.026868
1,1.000000,1,0.000000,0.000000,0,0.000000,0,-0.044010,-0.026868
1,1.000000,1,0.000000,0.000000,0,0.000000,0,-0.044010,-0.026868
3,0.910000,1,0.000000,0.000000,0,0.000000,0,-0.076210,-0.053390
1,1.000000,1,0.000000,0.000000,0,0.000000,0,-0.044010,-0.026868
3,0.880000,1,0.000000,0.000000,0,0.000000,0,-0.040445,-0.026031
2,1.000000,1,0.000000,0.000000,0,0.000000,0,-0.044010,-0.026868
1,1.000000,2,0.000000,0.000000,0,0.000000,0,-0.044010,-0.026868
4,0.500000,1,0.000000,0.000000,0,0.000000,0,-0.047105,-0.029508
4,1.000000,1,0.020000,0.080000,1,0.490000,1,-0.045169,-0.028306
3,1.690000,2,0.000000,0.000000,0,0.000000,0,-0.038681,-0.022910
2,1.020000,1,0.000000,0.000000,0,0.000000,0,-0.044010,-0.026868
1,1.000000,1,0.000000,0.000000,0,0.000000,0,-0.044010,-0.026868
1,1.000000,2,0.000000,0.000000,0,0.000000,0,-0.044010,-0.026868
6,0.560000,3,0.040000,0.000000,0,0.000000,0,-0.046939,-0.028949
2,0.500000,1,0.000000,0.000000,0,0.000000,0,-0.047105,-0.029508
3,1.010000,0,0.000000,0.000000,0,10.700000,2,-0.069635,-0.045879
5,1.010000,4,0.490000,0.000000,0,0.010000,1,-0.089898,-0.064697
1,1.000000,2,0.000000,0.000000,0,0.000000,0,-0.044010,-0.026868
1,1.000000,1,0.000000,0.000000,0,0.000000,0,-0.044010,-0.026868
1,1.000000,2,0.000000,0.000000,0,0.000000,0,-0.044010,-0.026868
3,1.010000,4,0.050000,0.000000,0,0.000000,0,-0.051224,-0.033754
1,1.000000,1,0.000000,0.000000,0,0.000000,0,-0.044010,-0.026868
1,1.000000,1,0.000000,0.000000,0,0.000000,0,-0.044010,-0.026868
1,1.000000,2,0.000000,0.000000,0,0.000000,0,-0.044010,-0.026868
58,1.890000,17,0.600000,20.430000,10,57.930000,12,-0.049171,-0.031910
5,1.180000,2,0.000000,0.000000,0,0.000000,0,-0.128990,-0.096126
2,1.010000,2,0.000000,0.000000,0,0.000000,0,-0.044010,-0.026868
1,1.000000,2,0.000000,0.000000,0,0.000000,0,-0.044010,-0.026868
1,1.000000,1,0.000000,0.000000,0,0.000000,0,-0.044010,-0.026868
1,1.000000,2,0.000000,0.000000,0,0.000000,0,-0.044010,-0.026868
1,1.000000,2,0.000000,0.000000,0,0.000000,0,-0.044010,-0.026868
1,1.000000,1,0.000000,0.000000,0,0.000000,0,-0.044010,-0.026868
2,0.440000,4,0.100000,0.000000,0,0.000000,0,-0.075034,-0.055334
1,1.000000,1,0.000000,0.000000,0,0.000000,0,-0.044010,-0.026868
4,2.010000,2,0.000000,0.000000,0,1.000000,1,-0.054021,-0.034114
0,0.000000,2,0.000000,0.000000,0,0.000000,0,-0.099839,-0.073604
1,1.000000,1,0.000000,0.000000,0,0.000000,0,-0.044010,-0.026868
11,0.650000,2,0.040000,13.610000,3,24.100000,4,-0.043800,-0.028095
1,1.000000,2,0.000000,0.000000,0,0.000000,0,-0.044010,-0.026868
6,1.590000,7,0.000000,0.000000,0,0.000000,0,-0.058556,-0.040836
7,0.720000,0,0.000000,29.360000,4,0.000000,0,-0.047274,-0.034260
2,0.670000,2,0.000000,0.000000,0,0.000000,0,-0.047105,-0.029508
3,0.500000,3,0.000000,0.000000,0,0.000000,0,-0.046188,-0.028698
5,0.530000,1,0.000000,0.000000,0,0.000000,0,-0.037318,-0.023143
56,1.170000,1,0.000000,1.750000,52,0.000000,0,-0.043785,-0.041665
1,1.000000,2,0.000000,0.000000,0,0.000000,0,-0.044010,-0.026868
3,0.670000,2,0.010000,0.000000,0,0.000000,0,-0.047847,-0.029635
2,0.520000,2,0.000000,0.000000,0,0.000000,0,-0.047105,-0.029508
2,1.000000,2,0.000000,0.000000,0,0.000000,0,-0.046188,-0.028698
6,1.000000,3,0.150000,0.000000,0,2.000000,2,-0.067930,-0.046804
2,1.040000,1,0.000000,0.000000,0,0.000000,0,-0.044010,-0.026868
3,0.000000,2,0.010000,0.000000,0,0.000000,0,-0.045042,-0.027975
404,1.370000,28,1.270000,1.980000,329,24.220000,12,-0.052706,-0.047077
3,0.500000,1,0.580000,0.000000,0,0.000000,0,-0.041656,-0.025225
4,0.480000,4,0.010000,0.000000,0,1.050000,1,-0.047596,-0.029646
3,0.500000,2,0.000000,0.000000,0,0.000000,0,-0.040445,-0.026031
5,0.660000,2,0.000000,15.950000,1,0.000000,0,-0.041378,-0.026496
1,1.000000,2,0.000000,0.000000,0,0.000000,0,-0.044010,-0.026868
4,1.670000,4,0.020000,0.000000,0,0.000000,0,-0.053126,-0.034278
3,0.010000,0,0.000000,0.000000,0,0.000000,0,-0.044385,-0.026523
1,1.000000,1,0.000000,0.000000,0,0.000000,0,-0.044010,-0.026868
5,0.010000,0,0.000000,30.460000,4,0.000000,0,-0.028730,-0.020812
1,1.000000,2,0.000000,0.000000,0,0.000000,0,-0.044010,-0.026868
1,1.000000,1,0.000000,0.000000,0,0.000000,0,-0.044010,-0.026868
3,0.000000,0,0.000000,0.000000,0,0.000000,0,-0.044385,-0.026523
1,1.000000,1,0.000000,0.000000,0,0.000000,0,-0.044010,-0.026868
1,1.000000,1,0.000000,0.000000,0,0.000000,0,-0.044010,-0.026868
2,0.500000,1,0.000000,0.000000,0,0.000000,0,-0.047105,-0.029508
4,0.010000,0,0.000000,0.000000,0,0.000000,0,-0.041090,-0.026545
6,1.010000,2,0.000000,1.180000,1,4.790000,3,-0.084105,-0.060179
3,1.950000,2,0.000000,0.000000,0,0.000000,0,-0.045481,-0.027306
3,1.000000,1,0.000000,0.000000,0,0.000000,0,-0.044010,-0.026868
1,0.400000,2,0.000000,0.000000,0,0.000000,0,-0.044010,-0.026868
2,1.010000,1,0.000000,0.000000,0,0.000000,0,-0.044010,-0.026868
2,0.670000,1,0.000000,0.000000,0,0.000000,0,-0.047105,-0.029508
7,1.010000,2,0.000000,0.000000,0,2.000000,2,-0.072081,-0.051841
1,1.010000,2,0.000000,0.000000,0,0.000000,0,-0.044010,-0.026868
2,0.500000,2,0.000000,0.000000,0,0.000000,0,-0.047105,-0.029508
3,0.010000,0,0.000000,0.000000,0,0.000000,0,-0.044385,-0.026523
2,1.090000,1,0.000000,0.000000,0,0.000000,0,-0.044010,-0.026868
10,0.570000,4,0.420000,128.330000,1,65.840000,4,-0.078826,-0.054457
6,0.090000,3,0.750000,0.000000,0,0.000000,0,-0.046343,-0.028741
9,0.190000,0,0.000000,0.000000,0,8.000000,4,-0.047440,-0.029129
7,2.670000,6,0.000000,0.000000,0,0.000000,0,-0.042306,-0.025701
13,0.730000,0,0.000000,-39.440000,1,-0.010000,8,-0.080483,-0.055436
4,0.000000,0,0.000000,0.000000,0,0.000000,0,-0.041090,-0.026545
11,0.560000,5,0.040000,100.510000,5,2.000000,1,-0.063967,-0.049500
2,0.700000,2,0.000000,0.000000,0,0.000000,0,-0.045272,-0.027328
3,0.000000,0,0.000000,0.000000,0,0.000000,0,-0.048974,-0.030982
13,1.010000,9,0.430000,0.000000,0,0.000000,3,-0.060028,-0.039974
1,1.000000,2,0.000000,0.000000,0,0.000000,0,-0.044010,-0.026868
89,0.990000,28,0.900000,0.000000,5,0.000000,34,-0.056433,-0.033730
38,0.410000,0,0.000000,-0.540000,22,3.800000,11,-0.048723,-0.038097
104,0.660000,3,0.520000,3.070000,19,0.030000,66,-0.080264,-0.056884
5,1.690000,2,0.000000,0.000000,0,0.000000,0,-0.050074,-0.031681
12,0.750000,6,0.320000,38.940000,1,34.040000,2,-0.038196,-0.023332
33,2.900000,9,1.480000,303.460000,4,-7.500000,15,-0.062197,-0.040816
7,0.060000,5,0.000000,0.000000,0,0.000000,0,-0.073079,-0.051640
315,1.220000,0,0.000000,6.030000,130,0.130000,166,-0.078596,-0.060525
29,0.670000,3,0.110000,21.660000,24,0.000000,0,-0.051357,-0.042420
175,1.830000,16,1.340000,-167.680000,77,1.170000,71,-0.068867,-0.052168
1,0.000000,2,0.000000,0.000000,0,0.000000,0,-0.042284,-0.025743
4,1.000000,2,0.540000,0.000000,0,0.000000,0,-0.128990,-0.096126
8,1.180000,1,0.130000,0.000000,0,49.020000,6,-0.047442,-0.028671
242,0.080000,0,0.000000,2.820000,239,0.000000,0,-0.054890,-0.052558
231,0.070000,1,0.010000,3.930000,227,0.000000,0,-0.057054,-0.049318
94,0.520000,0,0.000000,-0.080000,83,0.000000,0,-0.054299,-0.050492
41,0.090000,1,0.000000,15.480000,29,2.010000,10,-0.049608,-0.043189
10,0.100000,4,0.000000,10.160000,4,5.950000,2,-0.037496,-0.027474
10,0.010000,1,0.000000,365.500000,7,0.000000,0,-0.035984,-0.028241
13,0.070000,2,0.000000,941.550000,9,0.000000,1,-0.046250,-0.036525
1,1.000000,1,0.000000,0.000000,0,0.000000,0,-0.044010,-0.026868
4,0.020000,2,0.030000,0.000000,0,0.000000,0,-0.041656,-0.025225
6,0.010000,1,0.000000,954.240000,1,75.740000,3,-0.106841,-0.077833
3,1.000000,1,0.000000,0.000000,0,0.000000,0,-0.044010,-0.026868
1,1.000000,2,0.000000,0.000000,0,0.000000,0,-0.044010,-0.026868
3,1.980000,3,0.000000,15.080000,1,0.000000,0,-0.042326,-0.026591
1,1.000000,1,0.000000,0.000000,0,0.000000,0,-0.044010,-0.026868
4,1.030000,0,0.000000,0.000000,0,2.000000,2,-0.063609,-0.041264
17,0.720000,2,0.000000,46.760000,5,2.000000,2,-0.056152,-0.043323
4,0.000000,0,0.000000,885.650000,1,7.450000,2,-0.041675,-0.027581
30,0.900000,8,0.970000,32.700000,9,0.000000,2,-0.043539,-0.028700
3,0.000000,0,0.000000,0.000000,0,0.000000,0,-0.075047,-0.051656
2,0.000000,1,0.000000,957.560000,1,0.000000,0,-0.044080,-0.027142
2,0.670000,1,0.000000,0.000000,0,0.000000,0,-0.047105,-0.029508
5,0.010000,1,0.000000,947.560000,1,193.440000,2,-0.047919,-0.030068
3,0.500000,1,0.000000,0.000000,0,0.000000,0,-0.047105,-0.029508
5,0.690000,0,0.000000,0.000000,0,1.810000,3,-0.046407,-0.027394
5,0.150000,3,0.000000,62.380000,2,0.000000,0,-0.096130,-0.074752
5,0.660000,2,0.000000,0.000000,0,0.000000,0,-0.040445,-0.026031
40,0.240000,3,0.000000,47.540000,20,1.220000,1,-0.037858,-0.027662
1,1.000000,2,0.000000,0.000000,0,0.000000,0,-0.044010,-0.026868
3,0.000000,0,0.000000,0.000000,0,0.000000,0,-0.088152,-0.067968
1,1.000000,1,0.000000,0.000000,0,0.000000,0,-0.044010,-0.026868
16,1.030000,3,0.020000,0.000000,0,23.350000,2,-0.047303,-0.029317
2,0.500000,1,0.000000,0.000000,0,0.000000,0,-0.069607,-0.046458
1,1.000000,2,0.000000,0.000000,0,0.000000,0,-0.044010,-0.026868
1,1.000000,1,0.000000,0.000000,0,0.000000,0,-0.044010,-0.026868
1,1.000000,1,0.000000,0.000000,0,0.000000,0,-0.044010,-0.026868
1,1.000000,1,0.000000,0.000000,0,0.000000,0,-0.044010,-0.026868
8,0.910000,1,0.000000,0.000000,0,0.000000,0,-0.081196,-0.059956
1,1.000000,1,0.000000,0.000000,0,0.000000,0,-0.044010,-0.026868
2,0.760000,2,0.000000,0.000000,0,0.000000,0,-0.047105,-0.029508
1,1.000000,1,0.000000,0.000000,0,0.000000,0,-0.044010,-0.026868
1,1.000000,2,0.000000,0.000000,0,0.000000,0,-0.044010,-0.026868
7,0.500000,1,0.000000,0.000000,0,0.000000,0,-0.040382,-0.025945
2,1.000000,0,0.000000,0.000000,0,1.120000,1,-0.044722,-0.026871
1,1.000000,1,0.000000,0.000000,0,0.000000,0,-0.044010,-0.026868
1,1.000000,1,0.000000,0.000000,0,0.000000,0,-0.044010,-0.026868
1,1.000000,2,0.000000,0.000000,0,0.000000,0,-0.044010,-0.026868
1,1.000000,2,0.000000,0.000000,0,0.000000,0,-0.044010,-0.026868
3,0.500000,1,0.000000,0.000000,0,0.000000,0,-0.047105,-0.029508
4,1.070000,3,0.000000,0.000000,0,0.000000,0,-0.057753,-0.038791
1,1.000000,2,0.000000,0.000000,0,0.000000,0,-0.044010,-0.026868
25,0.860000,7,0.400000,310.660000,10,0.850000,4,-0.041671,-0.032582
1,1.000000,2,0.000000,0.000000,0,0.000000,0,-0.044010,-0.026868
1,1.000000,1,0.000000,0.000000,0,0.000000,0,-0.044010,-0.026868
1,1.000000,1,0.000000,0.000000,0,0.000000,0,-0.044010,-0.026868
2,1.040000,3,0.000000,0.000000,0,0.000000,0,-0.038681,-0.022910
3,0.490000,0,0.000000,-4.520000,2,0.000000,0,-0.038990,-0.024754
1,1.000000,1,0.000000,0.000000,0,0.000000,0,-0.044010,-0.026868
1,1.000000,1,0.000000,0.000000,0,0.000000,0,-0.044010,-0.026868
45,2.130000,12,1.110000,20.400000,3,18.360000,16,-0.054120,-0.034136
2,0.670000,2,0.000000,0.000000,0,0.000000,0,-0.047105,-0.029508
2,1.000000,0,0.000000,0.000000,0,1.930000,1,-0.063609,-0.041264
1,1.000000,2,0.000000,0.000000,0,0.000000,0,-0.044010,-0.026868
1,1.000000,2,0.000000,0.000000,0,0.000000,0,-0.044010,-0.026868
1,1.000000,2,0.000000,0.000000,0,0.000000,0,-0.044010,-0.026868
2,1.630000,1,0.000000,0.000000,0,0.000000,0,-0.044010,-0.026868
3,0.060000,0,0.000000,-1.950000,2,0.000000,0,-0.038990,-0.024754
1,1.000000,2,0.000000,0.000000,0,0.000000,0,-0.044010,-0.026868
3,1.050000,3,0.000000,0.000000,0,0.000000,0,-0.048748,-0.031602
1,1.000000,2,0.000000,0.000000,0,0.000000,0,-0.044010,-0.026868
3,0.500000,1,0.000000,0.000000,0,0.000000,0,-0.040445,-0.026031
1,1.000000,2,0.000000,0.000000,0,0.000000,0,-0.044010,-0.026868
49,0.950000,7,0.060000,38.940000,14,21.540000,12,-0.052122,-0.035914
8,0.000000,0,0.000000,0.000000,0,0.000000,0,-0.041090,-0.026545
11,0.670000,3,0.000000,9.770000,4,1.410000,1,-0.128990,-0.096126
3,0.210000,3,0.910000,0.000000,0,0.000000,0,-0.044545,-0.027703
3,0.500000,2,0.000000,0.000000,0,0.000000,0,-0.040445,-0.026031
62,0.500000,0,0.000000,0.030000,60,0.000000,0,-0.049727,-0.047725
1,1.000000,2,0.000000,0.000000,0,0.000000,0,-0.044010,-0.026868
3,0.000000,0,0.000000,0.000000,0,0.000000,0,-0.075047,-0.051656
3,0.000000,0,0.000000,0.000000,0,0.000000,0,-0.075047,-0.051656
3,1.000000,3,0.010000,0.000000,0,0.000000,0,-0.046188,-0.028698
1,1.040000,1,0.000000,0.000000,0,0.000000,0,-0.044010,-0.026868
1,1.000000,2,0.000000,0.000000,0,0.000000,0,-0.044010,-0.026868
2,0.000000,1,0.000000,0.000000,0,0.000000,0,-0.047105,-0.029508
487,1.300000,20,0.790000,-0.970000,437,121.010000,9,-0.052802,-0.048883
1,0.500000,1,0.000000,0.000000,0,0.000000,0,-0.044010,-0.026868
2,0.670000,1,0.000000,0.000000,0,0.000000,0,-0.047105,-0.029508
2,1.550000,3,0.000000,0.000000,0,0.000000,0,-0.046188,-0.028698
1,1.000000,1,0.000000,0.000000,0,0.000000,0,-0.044010,-0.026868
4,0.150000,4,0.110000,0.000000,0,0.000000,0,-0.128990,-0.096126
3,0.820000,2,0.000000,0.000000,0,0.000000,0,-0.047105,-0.029508
1,1.000000,2,0.000000,0.000000,0,0.000000,0,-0.044010,-0.026868
1,1.000000,1,0.000000,0.000000,0,0.000000,0,-0.044010,-0.026868
1,1.000000,2,0.000000,0.000000,0,0.000000,0,-0.044010,-0.026868
3,0.000000,0,0.000000,0.000000,0,0.000000,0,-0.044385,-0.026523
7,0.080000,1,0.000000,259.680000,2,224.040000,1,-0.044659,-0.027217
2,0.500000,1,0.000000,0.000000,0,0.000000,0,-0.047105,-0.029508
4,0.000000,0,0.000000,0.000000,0,0.000000,0,-0.041090,-0.026545
1,1.000000,2,0.000000,0.000000,0,0.000000,0,-0.044010,-0.026868
9,0.630000,2,0.000000,0.000000,0,-1.110000,4,-0.055137,-0.034794
2,0.500000,2,0.000000,0.000000,0,0.000000,0,-0.069607,-0.046458
3,0.040000,1,0.030000,0.000000,0,0.000000,0,-0.041656,-0.025225
1,1.000000,1,0.000000,0.000000,0,0.000000,0,-0.044010,-0.026868
3,0.400000,1,0.890000,0.000000,0,0.000000,0,-0.044010,-0.026868
1,1.000000,2,0.000000,0.000000,0,0.000000,0,-0.044010,-0.026868
2,0.670000,2,0.000000,0.000000,0,0.000000,0,-0.047105,-0.029508
10,0.700000,5,0.210000,0.000000,0,0.000000,0,-0.081330,-0.059173
14,0.660000,4,0.120000,12.490000,4,58.040000,1,-0.046613,-0.029018
2,0.500000,1,0.000000,0.000000,0,0.000000,0,-0.047105,-0.029508
929,1.000000,0,0.000000,0.040000,914,1.000000,14,-0.050295,-0.048803
30,1.140000,8,1.050000,25.380000,1,26.720000,11,-0.061534,-0.040665
22,0.040000,3,0.010000,69.690000,14,52.970000,3,-0.029372,-0.019900
135,0.280000,7,0.130000,-0.800000,64,10.720000,7,-0.045100,-0.030359
1,1.000000,2,0.000000,0.000000,0,0.000000,0,-0.044010,-0.026868
16,0.370000,4,0.390000,23.250000,4,0.000000,1,-0.040517,-0.025495
3,0.540000,3,0.050000,0.000000,0,0.000000,0,-0.046188,-0.028698
15,0.100000,2,0.010000,1.780000,6,0.160000,6,-0.038202,-0.028256
106,0.120000,16,0.150000,61.930000,57,38.070000,11,-0.045941,-0.035097
30,1.060000,14,0.140000,43.200000,5,16.860000,2,-0.053455,-0.035286
20,1.670000,19,0.030000,0.000000,0,0.000000,0,-0.055377,-0.037744
25,1.100000,7,0.350000,39.220000,6,56.500000,8,-0.043602,-0.028696
5,0.810000,4,0.090000,61.560000,1,0.000000,0,-0.046188,-0.028698
1,0.020000,2,0.000000,0.000000,0,0.000000,0,-0.042284,-0.025743
1,1.000000,1,0.000000,0.000000,0,0.000000,0,-0.044010,-0.026868
338,0.090000,0,0.000000,1.130000,335,0.000000,0,-0.052966,-0.051225
339,0.060000,0,0.000000,0.000000,336,0.000000,0,-0.057707,-0.054966
79,0.230000,1,0.000000,724.480000,77,0.000000,0,-0.050571,-0.047291
16,0.020000,0,0.000000,832.510000,10,6.020000,4,-0.029970,-0.020769
2,0.010000,1,0.000000,1324.070000,1,0.000000,0,-0.041928,-0.027691
1,0.000000,1,0.000000,0.000000,0,0.000000,0,-0.044010,-0.026868
28,0.130000,2,0.000000,21.230000,18,1.390000,2,-0.044928,-0.034978
5,0.080000,2,0.000000,4.800000,3,14.090000,1,-0.041928,-0.027691
1,0.040000,2,0.000000,0.000000,0,0.000000,0,-0.042284,-0.025743
5,0.060000,2,0.000000,1324.490000,1,33.030000,2,-0.044598,-0.026699
4,0.000000,1,0.000000,0.000000,0,0.000000,0,-0.060377,-0.040729
1,1.000000,1,0.000000,0.000000,0,0.000000,0,-0.044010,-0.026868
1,1.000000,2,0.000000,0.000000,0,0.000000,0,-0.044010,-0.026868
1,0.100000,2,0.000000,0.000000,0,0.000000,0,-0.042284,-0.025743
21,0.900000,0,0.000000,161.780000,13,162.780000,6,-0.059942,-0.048803
2,0.510000,1,0.000000,0.000000,0,0.000000,0,-0.047105,-0.029508
4,0.020000,0,0.000000,1259.240000,1,57.960000,2,-0.041675,-0.027581
41,0.890000,3,0.000000,474.410000,13,35.990000,7,-0.058505,-0.039244
3,0.000000,0,0.000000,0.000000,0,0.000000,0,-0.075047,-0.051656
2,0.000000,1,0.000000,1340.780000,1,0.000000,0,-0.044080,-0.027142
2,0.500000,2,0.000000,0.000000,0,0.000000,0,-0.047105,-0.029508
3,0.000000,0,0.000000,0.000000,0,0.000000,0,-0.044385,-0.026523
4,0.500000,2,0.030000,0.000000,0,0.000000,0,-0.046188,-0.028698
4,0.710000,0,0.000000,0.000000,0,0.250000,2,-0.048023,-0.029401
4,0.770000,0,0.000000,0.000000,0,0.000000,0,-0.051923,-0.032566
3,0.000000,1,0.000000,0.000000,0,0.000000,0,-0.064393,-0.044286
14,1.000000,1,0.010000,55.040000,4,7.780000,7,-0.043992,-0.031143
7,1.000000,5,0.030000,0.000000,0,0.000000,0,-0.046188,-0.028698
3,0.510000,2,0.010000,0.000000,0,0.000000,0,-0.065406,-0.044079
4,1.090000,3,0.000000,0.000000,0,0.000000,0,-0.057221,-0.038164
3,0.000000,0,0.000000,0.000000,0,0.000000,0,-0.088152,-0.067968
2,1.000000,2,0.440000,0.000000,0,0.000000,0,-0.046188,-0.028698
12,1.000000,2,0.190000,0.000000,0,0.000000,0,-0.077297,-0.056397
3,0.500000,1,0.000000,0.000000,0,0.000000,0,-0.073500,-0.050462
1,1.000000,1,0.000000,0.000000,0,0.000000,0,-0.044010,-0.026868
1,1.000000,2,0.000000,0.000000,0,0.000000,0,-0.044010,-0.026868
1,0.000000,1,0.000000,0.000000,0,0.000000,0,-0.044010,-0.026868
1,1.000000,1,0.000000,0.000000,0,0.000000,0,-0.044010,-0.026868
44,1.190000,9,0.090000,21.290000,15,183.300000,2,-0.033910,-0.023765
95,1.980000,9,0.070000,25.460000,4,23.830000,42,-0.069281,-0.042981
1,1.000000,1,0.000000,0.000000,0,0.000000,0,-0.044010,-0.026868
2,0.700000,2,0.000000,0.000000,0,0.000000,0,-0.047105,-0.029508
1,1.000000,2,0.000000,0.000000,0,0.000000,0,-0.044010,-0.026868
5,0.970000,1,0.000000,0.000000,0,1.500000,2,-0.128990,-0.096126
1,1.000000,2,0.000000,0.000000,0,0.000000,0,-0.044010,-0.026868
3,0.500000,1,0.000000,0.000000,0,0.000000,0,-0.047105,-0.029508
3,1.000000,1,0.000000,0.000000,0,0.030000,1,-0.046871,-0.029193
1,1.000000,1,0.000000,0.000000,0,0.000000,0,-0.044010,-0.026868
28,2.090000,20,0.190000,1600.000000,2,9.530000,4,-0.047263,-0.027547
1,1.000000,1,0.000000,0.000000,0,0.000000,0,-0.044010,-0.026868
16,0.860000,14,1.010000,0.000000,0,0.000000,0,-0.049236,-0.031555
1,1.020000,2,0.000000,0.000000,0,0.000000,0,-0.044010,-0.026868
1,1.000000,2,0.000000,0.000000,0,0.000000,0,-0.044010,-0.026868
5,1.000000,5,0.030000,0.000000,0,0.000000,0,-0.046188,-0.028698
1,1.000000,2,0.000000,0.000000,0,0.000000,0,-0.044010,-0.026868
2,1.100000,1,0.000000,0.000000,0,0.000000,0,-0.044010,-0.026868
1,1.000000,1,0.000000,0.000000,0,0.000000,0,-0.044010,-0.026868
107,2.150000,18,0.400000,24.720000,32,15.130000,53,-0.071336,-0.051479
6,1.670000,5,0.070000,0.000000,0,0.000000,0,-0.047939,-0.030159
3,0.000000,1,0.000000,0.000000,0,0.000000,0,-0.064393,-0.044286
16,1.290000,4,0.770000,144.830000,6,21.340000,2,-0.037286,-0.023953
2,0.690000,2,0.000000,0.000000,0,0.000000,0,-0.069607,-0.046458
1,1.000000,2,0.000000,0.000000,0,0.000000,0,-0.044010,-0.026868
4,0.930000,2,0.010000,0.000000,0,0.000000,0,-0.041656,-0.025225
35,1.340000,3,0.060000,27.120000,15,17.760000,3,-0.048010,-0.033632
1,1.000000,2,0.000000,0.000000,0,0.000000,0,-0.044010,-0.026868
1,1.000000,2,0.000000,0.000000,0,0.000000,0,-0.044010,-0.026868
1,0.170000,2,0.000000,0.000000,0,0.000000,0,-0.042284,-0.025743
2,1.000000,2,0.000000,0.000000,0,0.000000,0,-0.044010,-0.026868
1,1.000000,1,0.000000,0.000000,0,0.000000,0,-0.044010,-0.026868
75,1.120000,6,0.230000,38.130000,35,97.190000,4,-0.042157,-0.031546
5,0.000000,0,0.000000,-0.460000,2,0.000000,0,-0.059353,-0.044112
1,1.000000,2,0.000000,0.000000,0,0.000000,0,-0.044010,-0.026868
3,0.000000,0,0.000000,0.000000,0,0.000000,0,-0.075047,-0.051656
4,0.000000,0,0.000000,0.000000,0,0.000000,0,-0.066555,-0.045518
6,0.640000,3,0.000000,0.000000,0,0.000000,0,-0.057599,-0.038296
3,0.000000,4,0.210000,0.000000,0,0.000000,0,-0.044994,-0.027676
5,0.500000,1,0.000000,0.000000,0,0.000000,2,-0.128990,-0.096126
72,0.500000,0,0.000000,1.420000,70,0.000000,0,-0.047725,-0.045296
2,0.500000,2,0.000000,0.000000,0,0.000000,0,-0.047105,-0.029508
2,0.500000,1,0.000000,0.000000,0,0.000000,0,-0.047105,-0.029508
3,1.000000,3,0.040000,0.000000,0,0.000000,0,-0.046188,-0.028698
1,1.000000,1,0.000000,0.000000,0,0.000000,0,-0.044010,-0.026868
1,1.000000,2,0.000000,0.000000,0,0.000000,0,-0.044010,-0.026868
3,0.000000,0,0.000000,0.000000,0,0.000000,0,-0.044385,-0.026523
483,0.890000,20,1.310000,445.830000,414,120.050000,20,-0.053927,-0.048289
3,1.000000,1,0.310000,0.000000,0,0.000000,0,-0.044010,-0.026868
2,0.500000,2,0.000000,0.000000,0,0.000000,0,-0.046188,-0.028698
5,0.670000,1,0.000000,0.000000,0,3.000000,2,-0.128990,-0.096126
2,0.670000,2,0.000000,0.000000,0,0.000000,0,-0.047105,-0.029508
57,1.350000,20,1.150000,1.030000,14,-141.350000,15,-0.060510,-0.046646
4,0.000000,1,0.090000,0.000000,0,0.000000,0,-0.062130,-0.040949
1,1.000000,2,0.000000,0.000000,0,0.000000,0,-0.044010,-0.026868
5,0.530000,2,0.640000,33.540000,2,0.000000,0,-0.041625,-0.027298
1,1.000000,2,0.000000,0.000000,0,0.000000,0,-0.044010,-0.026868
1,1.000000,2,0.000000,0.000000,0,0.000000,0,-0.044010,-0.026868
3,0.000000,0,0.000000,0.000000,0,0.000000,0,-0.044385,-0.026523
1,1.000000,2,0.000000,0.000000,0,0.000000,0,-0.044010,-0.026868
2,0.500000,2,0.000000,0.000000,0,0.000000,0,-0.047105,-0.029508
4,0.000000,0,0.000000,0.000000,0,0.000000,0,-0.044385,-0.026523
1,1.000000,2,0.000000,0.000000,0,0.000000,0,-0.044010,-0.026868
2,0.500000,2,0.000000,0.000000,0,0.000000,0,-0.047105,-0.029508
2,0.500000,1,0.000000,0.000000,0,0.000000,0,-0.047105,-0.029508
4,0.350000,0,0.000000,278.620000,2,0.000000,0,-0.038990,-0.024754
3,0.400000,1,0.200000,0.000000,0,0.000000,0,-0.044010,-0.026868
1,1.000000,2,0.000000,0.000000,0,0.000000,0,-0.044010,-0.026868
1,1.000000,1,0.000000,0.000000,0,0.000000,0,-0.044010,-0.026868
47,0.960000,8,0.020000,33.460000,20,9.210000,1,-0.039319,-0.027276
28,0.490000,6,0.240000,19.050000,5,28.970000,4,-0.062244,-0.041857
2,0.500000,2,0.000000,0.000000,0,0.000000,0,-0.047105,-0.029508
1156,1.000000,0,0.000000,0.150000,1133,0.000000,22,-0.051211,-0.049756
9,0.710000,1,0.000000,648.100000,2,79.220000,3,-0.096368,-0.075198
3,0.000000,0,0.000000,0.000000,0,0.000000,0,-0.044385,-0.026523
3,0.000000,0,0.000000,0.000000,0,0.000000,0,-0.048974,-0.030982
1,1.000000,2,0.000000,0.000000,0,0.000000,0,-0.044010,-0.026868
3,0.670000,2,0.040000,0.000000,0,0.000000,0,-0.065406,-0.044079
4,0.000000,0,0.000000,0.000000,0,0.000000,0,-0.066555,-0.045518
13,0.480000,4,0.480000,16.830000,3,2.000000,2,-0.082603,-0.059659
3,0.500000,2,0.030000,0.000000,0,0.000000,0,-0.053648,-0.034866
19,0.620000,0,0.000000,10.570000,2,0.300000,14,-0.080476,-0.055650
1,1.000000,2,0.000000,0.000000,0,0.000000,0,-0.044010,-0.026868
36,0.690000,4,0.030000,300.710000,12,0.000000,9,-0.051119,-0.040340
91,1.090000,1,0.000000,40.980000,29,2.410000,46,-0.077268,-0.056879
3,0.190000,1,0.000000,0.000000,0,0.000000,0,-0.041656,-0.025225
39,0.640000,8,0.740000,30.050000,19,12.320000,2,-0.038000,-0.030333
11,0.830000,5,0.090000,1.370000,4,0.000000,0,-0.028404,-0.020299
6,0.830000,3,0.040000,0.000000,0,79.720000,1,-0.044355,-0.026684
1,0.070000,2,0.000000,0.000000,0,0.000000,0,-0.073079,-0.051640
43,1.580000,1,0.070000,17.170000,35,10.240000,5,-0.042182,-0.037902
211,1.020000,10,0.770000,1.930000,121,1.930000,65,-0.064193,-0.051152
1,1.000000,2,0.000000,0.000000,0,0.000000,0,-0.044010,-0.026868
16,1.140000,0,0.000000,139.150000,2,1.750000,11,-0.085804,-0.058318
275,0.040000,0,0.000000,-12.120000,272,0.000000,0,-0.049847,-0.048660
274,0.040000,0,0.000000,-11.790000,271,0.000000,0,-0.051873,-0.050343
162,0.500000,0,0.000000,0.600000,160,0.000000,0,-0.048083,-0.046912
4,0.000000,0,0.000000,0.000000,0,0.180000,3,-0.081996,-0.055986
40,0.910000,10,0.200000,1031.170000,8,86.920000,13,-0.065993,-0.042785
18,0.630000,3,0.040000,-0.560000,8,0.690000,4,-0.037669,-0.028458
149,0.960000,48,0.310000,14.930000,58,17.710000,15,-0.054038,-0.037006
114,0.440000,31,0.520000,20.530000,47,18.410000,10,-0.049790,-0.034468
4,0.050000,0,0.000000,-1.290000,1,0.000000,0,-0.038990,-0.024754
47,2.260000,17,1.050000,234.250000,4,3.890000,4,-0.056050,-0.038088
4,0.380000,2,0.000000,1221.320000,1,204.990000,1,-0.057912,-0.037191
2,0.520000,1,0.000000,0.000000,0,0.000000,0,-0.045272,-0.027328
34,0.070000,1,0.000000,290.560000,20,95.070000,11,-0.058473,-0.046636
2,0.500000,1,0.000000,0.000000,0,0.000000,0,-0.047105,-0.029508
1,0.050000,2,0.000000,0.000000,0,0.000000,0,-0.042284,-0.025743
24,1.330000,6,0.190000,684.260000,2,22.480000,7,-0.066572,-0.047590
3,0.000000,0,0.000000,0.000000,0,0.000000,0,-0.044385,-0.026523
3,0.120000,3,0.090000,0.000000,0,0.000000,0,-0.043534,-0.026243
10,0.510000,6,0.050000,1640.050000,1,10.700000,1,-0.080601,-0.058539
6,0.470000,4,0.820000,458.610000,1,0.000000,0,-0.040663,-0.027302
3,0.000000,0,0.000000,0.000000,0,0.000000,0,-0.044385,-0.026523
1,1.000000,2,0.000000,0.000000,0,0.000000,0,-0.044010,-0.026868
20,0.910000,8,0.400000,0.000000,0,0.700000,10,-0.071900,-0.048669
2,0.030000,2,0.000000,0.000000,0,0.000000,0,-0.046611,-0.029464
6,0.710000,3,0.010000,0.000000,0,3.760000,2,-0.128990,-0.096126
5,0.820000,6,0.070000,0.000000,0,0.000000,0,-0.051040,-0.033323
2,0.510000,1,0.000000,0.000000,0,0.000000,0,-0.047105,-0.029508
1,1.000000,2,0.000000,0.000000,0,0.000000,0,-0.044010,-0.026868
3,0.000000,0,0.000000,0.000000,0,0.000000,0,-0.088152,-0.067968
1,1.000000,2,0.000000,0.000000,0,0.000000,0,-0.044010,-0.026868
4,1.020000,3,0.020000,0.000000,0,24.350000,1,-0.057160,-0.036820
2,0.500000,1,0.000000,0.000000,0,0.000000,0,-0.047105,-0.029508
1,1.000000,2,0.000000,0.000000,0,0.000000,0,-0.044010,-0.026868
1,1.000000,1,0.000000,0.000000,0,0.000000,0,-0.044010,-0.026868
1,0.000000,1,0.000000,0.000000,0,0.000000,0,-0.044010,-0.026868
1,1.000000,2,0.000000,0.000000,0,0.000000,0,-0.044010,-0.026868
3,0.060000,0,0.000000,-0.680000,2,0.000000,0,-0.038990,-0.024754
79,1.540000,15,0.180000,40.660000,25,1.230000,6,-0.047865,-0.030466
18,2.740000,7,0.320000,0.000000,0,1.500000,2,-0.067673,-0.046139
1,1.000000,1,0.000000,0.000000,0,0.000000,0,-0.044010,-0.026868
2,0.770000,2,0.000000,0.000000,0,0.000000,0,-0.047105,-0.029508
5,0.980000,1,0.000000,110.670000,2,167.220000,1,-0.036820,-0.023460
1,1.000000,1,0.000000,0.000000,0,0.000000,0,-0.044010,-0.026868
3,0.500000,2,0.000000,0.000000,0,0.000000,0,-0.040445,-0.026031
2,1.000000,0,0.000000,0.000000,0,0.390000,1,-0.044722,-0.026871
10,1.990000,8,0.100000,0.000000,0,0.000000,0,-0.067241,-0.047057
3,0.570000,0,0.000000,-0.910000,2,0.000000,0,-0.038990,-0.024754
106,2.230000,23,0.680000,9.850000,12,23.580000,61,-0.072903,-0.046452
23,0.440000,1,0.000000,13.250000,11,3.400000,3,-0.069891,-0.052384
1,0.000000,1,0.000000,0.000000,0,0.000000,0,-0.044010,-0.026868
1,1.000000,1,0.000000,0.000000,0,0.000000,0,-0.044010,-0.026868
3,1.030000,3,0.010000,0.000000,0,0.000000,0,-0.038681,-0.022910
1,1.000000,1,0.000000,0.000000,0,0.000000,0,-0.044010,-0.026868
1,1.000000,1,0.000000,0.000000,0,0.000000,0,-0.044010,-0.026868
40,2.350000,13,0.870000,14.160000,7,32.000000,17,-0.058509,-0.043577
7,0.670000,5,0.210000,0.000000,0,0.000000,0,-0.060974,-0.040929
3,1.010000,1,0.000000,0.000000,0,0.000000,0,-0.044010,-0.026868
49,3.070000,21,0.190000,65.280000,3,34.770000,11,-0.054922,-0.032321
2,0.670000,1,0.000000,0.000000,0,0.000000,0,-0.069607,-0.046458
10,0.480000,1,0.000000,-1.010000,1,9.640000,7,-0.049314,-0.030687
2,0.500000,1,0.000000,0.000000,0,0.000000,0,-0.047105,-0.029508
43,1.760000,5,0.030000,117.720000,17,1234.200000,5,-0.039407,-0.027683
1,1.000000,1,0.000000,0.000000,0,0.000000,0,-0.044010,-0.026868
2,0.110000,3,0.000000,0.000000,0,0.000000,0,-0.039394,-0.023480
1,1.000000,1,0.000000,0.000000,0,0.000000,0,-0.044010,-0.026868
3,0.170000,2,0.000000,933.810000,1,916.650000,1,-0.048046,-0.030410
1,1.000000,1,0.000000,0.000000,0,0.000000,0,-0.044010,-0.026868
2,1.500000,2,0.000000,0.000000,0,0.000000,0,-0.038681,-0.022910
1,1.000000,1,0.000000,0.000000,0,0.000000,0,-0.044010,-0.026868
42,1.830000,17,0.490000,1235.090000,7,70.630000,12,-0.047878,-0.032694
3,0.500000,1,0.000000,0.000000,0,0.000000,0,-0.040445,-0.026031
1,1.000000,2,0.000000,0.000000,0,0.000000,0,-0.044010,-0.026868
8,0.000000,0,0.000000,0.000000,0,0.000000,0,-0.087473,-0.066025
4,0.600000,3,0.000000,0.000000,0,0.000000,0,-0.047105,-0.029508
12,0.500000,4,0.010000,20.550000,2,21.180000,2,-0.045351,-0.028661
3,0.500000,1,0.000000,0.000000,0,0.000000,0,-0.040445,-0.026031
2,0.670000,1,0.000000,0.000000,0,0.000000,0,-0.069607,-0.046458
2,0.500000,2,0.000000,0.000000,0,0.000000,0,-0.047105,-0.029508
2,0.170000,2,0.000000,0.000000,0,0.000000,0,-0.045012,-0.027079
16,0.540000,5,0.020000,58.050000,2,0.000000,3,-0.051563,-0.035384
1,1.000000,1,0.000000,0.000000,0,0.000000,0,-0.044010,-0.026868
1,1.000000,2,0.000000,0.000000,0,0.000000,0,-0.044010,-0.026868
2,0.000000,1,0.000000,0.000000,0,0.000000,0,-0.047105,-0.029508
140,1.160000,27,0.500000,5.990000,67,56.950000,11,-0.053415,-0.041685
5,2.460000,2,0.000000,0.000000,0,1443.000000,2,-0.057009,-0.036419
2,0.670000,2,0.000000,0.000000,0,0.000000,0,-0.047105,-0.029508
6,0.000000,3,0.060000,0.000000,2,0.000000,0,-0.059962,-0.042010
3,1.000000,3,0.210000,0.000000,0,0.000000,1,-0.067252,-0.045966
38,1.380000,9,0.530000,261.870000,11,0.960000,14,-0.054004,-0.038926
6,0.010000,0,0.000000,-18737.580000,1,0.000000,0,-0.046041,-0.033549
1,1.000000,2,0.000000,0.000000,0,0.000000,0,-0.044010,-0.026868
1,1.000000,1,0.000000,0.000000,0,0.000000,0,-0.044010,-0.026868
2,1.000000,3,0.000000,0.000000,0,0.000000,0,-0.046188,-0.028698
3,0.000000,0,0.000000,0.000000,0,0.000000,0,-0.044385,-0.026523
3,0.500000,2,0.000000,0.000000,0,0.000000,0,-0.076210,-0.053390
4,0.000000,0,0.000000,0.000000,0,0.000000,0,-0.082504,-0.059404
1,1.000000,2,0.000000,0.000000,0,0.000000,0,-0.044010,-0.026868
3,0.590000,1,0.000000,0.000000,0,0.000000,0,-0.040445,-0.026031
2,0.500000,1,0.000000,0.000000,0,0.000000,0,-0.047105,-0.029508
31,0.160000,2,0.010000,6.120000,23,57.340000,2,-0.047676,-0.039311
1,1.000000,1,0.000000,0.000000,0,0.000000,0,-0.044010,-0.026868
4,0.510000,4,0.150000,0.000000,0,0.000000,0,-0.040559,-0.024661
2,1.000000,2,0.000000,0.000000,0,0.000000,0,-0.044010,-0.026868
3,0.010000,1,0.000000,0.000000,0,0.000000,0,-0.041656,-0.025225
11,0.780000,7,1.250000,0.000000,0,0.000000,0,-0.069843,-0.048653
47,0.840000,11,0.370000,26.940000,13,0.000000,8,-0.050818,-0.034737
2,0.500000,1,0.000000,0.000000,0,0.000000,0,-0.047105,-0.029508
998,1.000000,0,0.000000,0.030000,975,0.000000,22,-0.052233,-0.050340
2,0.500000,2,0.000000,0.000000,0,0.000000,0,-0.047105,-0.029508
5,1.980000,2,0.000000,56.630000,1,0.000000,0,-0.043193,-0.026548
34,0.760000,1,0.000000,4.450000,3,0.000000,20,-0.076962,-0.052616
3,0.000000,0,0.000000,0.000000,0,0.000000,0,-0.044385,-0.026523
40,0.300000,3,0.600000,56.730000,18,2.960000,2,-0.058458,-0.041842
2,0.590000,2,0.000000,0.000000,0,0.000000,0,-0.047105,-0.029508
46,1.070000,1,0.000000,12.640000,20,0.000000,23,-0.057105,-0.045849
3,0.930000,1,0.000000,0.000000,0,0.000000,0,-0.045106,-0.027643
116,0.800000,21,0.530000,8.780000,14,10.780000,41,-0.054966,-0.032895
48,1.140000,0,0.000000,-4.030000,25,0.380000,12,-0.060979,-0.050888
59,1.540000,22,0.540000,1225.950000,15,61.680000,7,-0.048201,-0.033245
26,0.660000,7,0.030000,5.760000,7,12.390000,2,-0.060211,-0.040723
8,0.530000,6,0.260000,0.000000,0,0.000000,0,-0.058052,-0.038457
29,1.560000,15,0.710000,14.380000,2,0.230000,9,-0.037224,-0.023619
165,0.800000,0,0.000000,2.160000,46,0.060000,99,-0.081283,-0.059620
6,0.940000,1,0.140000,0.000000,0,37.820000,4,-0.049675,-0.030558
224,0.670000,11,0.720000,10.430000,88,1.430000,96,-0.069264,-0.050667
1,1.000000,2,0.000000,0.000000,0,0.000000,0,-0.044010,-0.026868
14,1.340000,3,0.180000,578.120000,1,-0.030000,6,-0.046976,-0.030286
282,0.050000,0,0.000000,3.910000,279,0.000000,0,-0.052572,-0.050517
3,0.000000,0,0.000000,0.000000,0,0.000000,0,-0.088152,-0.067968
138,0.500000,0,0.000000,0.070000,136,0.000000,0,-0.049361,-0.048021
7,0.010000,0,0.000000,1255.650000,3,11.540000,3,-0.046518,-0.029627
19,0.550000,11,0.120000,0.470000,2,131.210000,4,-0.053126,-0.037547
1,0.000000,2,0.000000,0.000000,0,0.000000,0,-0.073079,-0.051640
78,0.910000,3,0.000000,1.920000,37,9.360000,26,-0.057265,-0.045201
109,0.420000,14,1.920000,10.440000,42,18.270000,4,-0.043254,-0.027516
231,1.060000,69,3.000000,22.370000,68,-12.090000,18,-0.053805,-0.034494
20,4.010000,4,0.000000,-130.100000,6,15.010000,3,-0.055116,-0.039892
17,2.800000,9,0.060000,0.000000,0,98.800000,1,-0.081489,-0.058322
3,1.000000,3,0.000000,0.000000,0,0.000000,0,-0.046188,-0.028698
4,1.010000,4,0.000000,0.000000,0,0.000000,0,-0.076164,-0.054519
2,0.500000,2,0.000000,0.000000,0,0.000000,0,-0.047105,-0.029508
6,0.030000,0,0.000000,1120.000000,4,853.500000,1,-0.030306,-0.020535
1,0.400000,2,0.000000,0.000000,0,0.000000,0,-0.044010,-0.026868
33,1.190000,5,0.070000,45.700000,10,256.610000,12,-0.052125,-0.035802
3,0.000000,0,0.000000,0.000000,0,0.000000,0,-0.075047,-0.051656
11,0.430000,1,0.000000,35.750000,4,0.000000,0,-0.082626,-0.060327
3,1.000000,1,0.000000,898.050000,1,0.000000,0,-0.035688,-0.021762
1,1.000000,1,0.000000,0.000000,0,0.000000,0,-0.044010,-0.026868
3,0.000000,0,0.000000,0.000000,0,0.000000,0,-0.044385,-0.026523
6,0.940000,1,0.000000,0.000000,0,0.000000,0,-0.106164,-0.078976
2,0.120000,2,0.000000,0.000000,0,0.000000,0,-0.063991,-0.043358
5,0.000000,1,0.010000,10.430000,1,0.000000,0,-0.052411,-0.034917
3,0.700000,0,0.000000,0.000000,0,-2.380000,2,-0.048023,-0.029401
3,0.690000,2,0.070000,0.000000,0,0.000000,0,-0.046188,-0.028698
